DATE,AAPL,NFLX,BA,T,MGM,AMZN,IBM,GOOG,SP500
07/10/2024,221.69,701.92,155.91,21.78,41.10,180.80,227.12,164.39,"5,695.94"
04/10/2024,226.80,719.70,155.00,21.91,40.43,186.51,226.00,168.56,"5,751.07"
03/10/2024,225.67,706.80,150.52,22.05,39.67,181.96,222.72,167.21,"5,699.94"
02/10/2024,226.78,711.09,152.89,22.19,39.62,184.76,219.73,167.31,"5,709.54"
01/10/2024,226.21,706.13,154.22,22.13,38.62,185.13,219.35,168.42,"5,708.75"
30/09/2024,233.00,709.27,152.04,22.00,39.09,186.33,221.08,167.19,"5,762.48"
27/09/2024,227.79,707.35,156.32,21.90,39.62,187.97,220.84,165.29,"5,738.17"
26/09/2024,227.52,711.43,154.58,21.65,38.31,191.16,223.43,163.83,"5,745.37"
25/09/2024,226.37,721.56,152.22,21.56,37.18,192.53,221.23,162.99,"5,722.26"
24/09/2024,227.37,722.26,155.81,21.59,37.35,193.96,220.97,163.64,"5,732.93"
23/09/2024,226.47,705.37,156.30,21.49,36.85,193.88,220.50,163.07,"5,718.57"
20/09/2024,228.20,701.03,153.29,21.54,37.31,191.60,217.70,164.64,"5,702.55"
19/09/2024,228.87,704.32,154.59,21.36,37.75,189.87,213.89,163.24,"5,713.64"
18/09/2024,220.69,690.47,155.11,21.73,36.96,186.43,214.94,160.81,"5,618.26"
17/09/2024,216.79,706.91,156.39,21.78,37.21,186.88,214.13,160.28,"5,634.58"
16/09/2024,216.32,696.50,155.55,22.27,36.44,184.89,217.16,158.99,"5,633.09"
13/09/2024,222.50,697.06,156.77,21.64,36.51,186.49,214.79,158.37,"5,626.02"
12/09/2024,222.77,686.80,162.77,21.59,35.90,187.00,211.61,155.54,"5,595.76"
11/09/2024,222.66,681.47,161.33,21.45,35.38,184.52,209.89,152.15,"5,554.13"
10/09/2024,220.11,673.62,160.07,21.71,34.87,179.55,205.32,150.01,"5,495.52"
09/09/2024,220.91,675.42,162.91,21.50,34.97,175.40,203.53,149.54,"5,471.05"
06/09/2024,220.82,665.77,157.62,20.97,35.01,171.39,200.74,152.13,"5,408.42"
05/09/2024,222.38,683.62,162.15,20.65,35.81,177.89,202.59,158.60,"5,503.41"
04/09/2024,220.85,679.68,163.22,20.57,36.61,173.33,204.11,157.81,"5,520.07"
03/09/2024,222.77,675.32,161.02,20.43,36.29,176.25,201.28,158.61,"5,528.93"
30/08/2024,229.00,701.35,173.74,19.90,37.59,178.50,202.13,165.11,"5,648.40"
29/08/2024,229.79,692.48,172.26,19.76,37.41,172.12,198.90,163.40,"5,591.96"
28/08/2024,226.49,683.84,170.71,19.82,37.06,170.80,198.46,164.50,"5,592.18"
27/08/2024,228.03,695.72,173.05,19.65,38.01,173.12,198.73,166.38,"5,625.80"
26/08/2024,227.18,688.44,173.48,19.76,38.04,175.50,197.98,167.93,"5,616.84"
23/08/2024,226.84,686.73,174.96,19.73,38.93,177.04,196.10,167.43,"5,634.61"
22/08/2024,224.53,688.96,172.76,19.51,38.74,176.13,195.96,165.49,"5,570.64"
21/08/2024,226.40,697.12,173.43,19.54,39.50,180.11,197.21,167.63,"5,620.85"
20/08/2024,226.51,698.54,172.10,19.49,39.40,178.88,196.03,168.96,"5,597.12"
19/08/2024,225.89,688.53,179.64,19.49,40.07,178.22,194.73,168.40,"5,608.25"
16/08/2024,226.05,674.07,179.99,19.34,38.90,177.06,193.78,164.74,"5,554.25"
15/08/2024,224.72,663.22,176.41,19.09,39.20,177.59,193.95,163.17,"5,543.22"
14/08/2024,221.72,661.68,168.50,19.63,38.08,170.10,192.32,162.03,"5,455.21"
13/08/2024,221.27,648.02,168.76,19.52,38.16,170.23,190.99,165.93,"5,434.43"
12/08/2024,217.53,633.14,164.13,19.43,37.28,166.80,189.48,163.95,"5,344.39"
09/08/2024,216.24,633.94,167.91,19.49,37.13,166.94,191.45,165.39,"5,344.16"
08/08/2024,213.31,630.35,168.87,19.40,37.49,165.80,192.61,163.84,"5,319.31"
07/08/2024,209.82,611.48,163.24,19.25,36.44,162.77,186.80,160.75,"5,199.50"
06/08/2024,207.23,609.57,165.04,19.19,35.40,161.93,186.80,160.54,"5,240.03"
05/08/2024,209.27,598.55,167.03,18.91,34.07,161.02,183.31,160.64,"5,186.33"
02/08/2024,219.86,613.64,169.95,19.37,35.48,167.90,189.12,168.40,"5,346.56"
01/08/2024,218.36,624.85,178.31,19.47,37.29,184.07,189.66,172.45,"5,446.68"
31/07/2024,222.08,628.35,190.60,19.25,42.97,186.98,192.14,173.15,"5,522.30"
30/07/2024,218.80,622.58,186.86,18.98,42.78,181.71,191.04,171.86,"5,436.44"
29/07/2024,218.24,626.96,185.43,18.90,42.78,183.20,191.50,171.13,"5,463.54"
26/07/2024,217.96,631.37,186.89,19.01,41.84,182.50,191.75,168.68,"5,459.10"
25/07/2024,217.49,634.09,184.35,19.19,41.44,179.85,191.98,169.16,"5,399.22"
24/07/2024,218.54,635.99,180.07,19.16,42.44,180.83,184.02,174.37,"5,427.13"
23/07/2024,225.01,642.76,186.48,18.21,43.78,186.41,184.10,183.60,"5,555.74"
22/07/2024,223.96,647.50,178.90,18.55,43.77,182.55,184.15,183.35,"5,564.41"
19/07/2024,224.31,633.34,179.67,19.12,45.37,183.13,183.25,179.39,"5,505.00"
18/07/2024,224.18,643.04,180.23,19.15,45.30,183.75,185.22,179.22,"5,544.59"
17/07/2024,228.88,647.46,184.84,19.16,46.19,187.93,187.45,182.62,"5,588.27"
16/07/2024,234.82,656.32,186.05,18.85,46.78,193.02,185.81,185.50,"5,667.20"
15/07/2024,234.40,656.45,179.11,18.58,46.15,192.72,182.88,188.19,"5,631.22"
12/07/2024,230.54,647.60,182.31,18.81,46.11,194.49,182.83,186.78,"5,615.35"
11/07/2024,227.57,652.75,183.91,18.86,45.84,195.05,178.31,187.30,"5,584.54"
10/07/2024,232.98,677.65,183.73,18.74,43.91,199.79,177.84,192.66,"5,633.91"
09/07/2024,228.68,685.74,183.24,18.80,43.74,199.34,176.48,190.44,"5,576.98"
08/07/2024,227.82,685.74,185.84,18.81,43.69,199.29,177.64,190.48,"5,572.85"
05/07/2024,226.34,690.65,184.83,18.77,43.04,200.00,176.02,191.96,"5,567.19"
03/07/2024,221.55,682.51,184.31,18.68,43.28,197.59,175.73,187.39,"5,537.02"
02/07/2024,220.27,679.58,185.42,18.82,42.33,200.00,177.30,186.61,"5,509.01"
01/07/2024,216.75,673.61,186.70,18.98,42.86,197.20,175.10,184.49,"5,475.09"
28/06/2024,210.62,674.88,182.01,19.11,44.44,193.25,172.95,183.42,"5,460.48"
27/06/2024,214.10,684.34,182.51,18.75,43.37,197.85,170.85,186.86,"5,482.87"
26/06/2024,213.25,677.69,178.50,18.76,42.43,193.61,171.87,185.37,"5,477.90"
25/06/2024,209.07,672.41,175.10,18.69,41.96,186.34,172.60,185.58,"5,469.30"
24/06/2024,208.14,669.02,179.10,18.65,42.45,185.57,175.01,180.79,"5,447.87"
21/06/2024,207.49,686.12,176.56,18.40,42.00,189.08,172.46,180.26,"5,464.62"
20/06/2024,209.68,679.03,176.30,18.11,41.70,186.10,173.92,177.71,"5,473.17"
18/06/2024,214.29,685.67,174.99,18.05,40.53,182.81,170.55,176.45,"5,487.03"
17/06/2024,216.67,675.83,178.39,17.67,40.39,184.06,169.50,178.78,"5,473.23"
14/06/2024,212.49,669.38,177.27,17.64,39.85,183.66,169.21,178.37,"5,431.60"
13/06/2024,214.24,653.26,180.70,17.67,40.53,183.83,169.12,176.74,"5,433.74"
12/06/2024,213.07,650.06,182.67,17.61,40.47,186.89,169.00,179.56,"5,421.03"
11/06/2024,207.15,648.55,185.50,17.86,40.77,187.23,169.32,178.19,"5,375.32"
10/06/2024,193.12,644.50,190.12,17.86,40.77,187.06,170.38,176.63,"5,360.79"
07/06/2024,196.89,641.47,190.24,18.10,40.69,184.30,170.01,175.95,"5,346.99"
06/06/2024,194.48,648.52,191.42,18.28,40.09,185.00,168.20,178.35,"5,352.96"
05/06/2024,195.87,650.27,189.85,18.30,40.38,181.28,167.38,177.07,"5,354.03"
04/06/2024,194.35,631.62,188.62,18.35,39.44,179.34,165.81,175.13,"5,291.34"
03/06/2024,194.03,633.79,184.57,18.01,40.21,178.34,165.28,174.42,"5,283.40"
31/05/2024,192.25,641.62,177.61,18.22,40.17,176.44,166.85,173.96,"5,277.51"
30/05/2024,191.29,647.66,172.75,17.62,38.53,179.32,165.63,173.56,"5,235.48"
29/05/2024,190.29,654.62,171.65,17.12,38.70,182.02,167.05,177.40,"5,266.95"
28/05/2024,189.99,649.00,175.08,17.27,38.98,182.15,169.66,178.02,"5,306.04"
24/05/2024,189.98,646.75,174.52,17.50,39.72,180.75,170.89,176.33,"5,304.72"
23/05/2024,186.88,635.67,172.21,17.47,38.93,181.05,170.67,175.06,"5,267.84"
22/05/2024,190.90,640.47,186.28,17.50,40.20,183.13,173.69,178.00,"5,307.01"
21/05/2024,192.35,650.61,184.78,17.27,40.81,183.15,173.47,179.54,"5,321.41"
20/05/2024,191.04,640.82,186.61,17.52,41.36,183.54,169.92,178.46,"5,308.13"
17/05/2024,189.87,621.10,184.95,17.40,41.03,184.70,169.03,177.29,"5,303.27"
16/05/2024,189.84,610.52,182.96,17.30,41.65,183.63,168.97,175.43,"5,297.10"
15/05/2024,189.72,613.52,176.99,17.33,41.55,185.99,168.26,173.88,"5,308.15"
14/05/2024,187.43,613.66,180.76,17.30,41.29,187.07,167.36,171.93,"5,246.68"
13/05/2024,186.28,616.59,178.44,17.26,40.93,186.57,167.56,170.90,"5,221.42"
10/05/2024,183.05,610.87,178.51,17.17,40.57,187.48,167.15,170.29,"5,222.68"
09/05/2024,184.57,612.09,181.25,17.18,40.85,189.50,166.27,171.58,"5,214.08"
08/05/2024,182.74,609.47,180.35,17.11,40.04,188.00,169.90,171.16,"5,187.67"
07/05/2024,182.40,606.00,176.71,17.08,40.64,188.76,168.38,172.98,"5,187.70"
06/05/2024,181.71,596.97,178.35,16.99,41.01,188.70,168.61,169.83,"5,180.74"
03/05/2024,183.38,579.34,179.79,16.85,41.04,186.21,165.71,168.99,"5,127.79"
02/05/2024,173.03,565.15,178.85,16.82,40.87,184.72,164.69,168.46,"5,064.20"
01/05/2024,169.30,551.71,171.46,16.92,39.75,179.00,164.43,165.57,"5,018.39"
30/04/2024,170.33,550.64,167.84,16.89,39.44,175.00,166.20,164.64,"5,035.69"
29/04/2024,173.50,559.49,173.49,17.02,41.61,180.96,167.43,167.90,"5,116.17"
26/04/2024,169.30,561.23,167.22,16.75,41.09,179.62,167.13,173.69,"5,099.96"
25/04/2024,169.89,564.80,166.81,16.58,42.18,173.67,168.91,157.95,"5,048.42"
24/04/2024,169.02,555.12,164.33,16.81,42.71,176.59,184.10,161.10,"5,071.63"
23/04/2024,166.90,577.75,169.18,16.50,42.85,179.54,182.19,159.92,"5,070.55"
22/04/2024,165.84,554.60,170.48,16.31,42.43,177.23,181.90,157.95,"5,010.60"
19/04/2024,165.00,555.04,169.82,16.51,42.42,174.63,181.58,155.72,"4,967.23"
18/04/2024,167.04,610.56,170.23,16.33,42.04,179.22,181.47,157.46,"5,011.12"
17/04/2024,168.00,613.69,170.21,16.12,42.03,181.28,183.10,156.88,"5,022.21"
16/04/2024,169.38,617.52,170.55,16.09,42.70,183.32,183.75,156.00,"5,051.41"
15/04/2024,172.69,607.15,167.82,16.24,42.85,183.62,181.25,156.33,"5,061.82"
12/04/2024,176.55,622.83,169.55,16.31,42.48,186.13,182.27,159.19,"5,123.41"
11/04/2024,175.04,628.78,173.36,16.42,44.72,189.05,185.90,160.79,"5,199.06"
10/04/2024,167.78,618.58,174.63,16.73,44.68,185.95,186.04,157.66,"5,160.64"
09/04/2024,169.67,618.20,178.12,16.90,46.41,185.67,189.31,158.14,"5,209.91"
08/04/2024,168.45,628.41,181.56,17.25,46.30,185.19,189.82,156.14,"5,202.39"
05/04/2024,169.58,636.18,183.14,17.42,46.53,185.07,189.14,153.94,"5,204.34"
04/04/2024,168.82,617.14,183.29,17.57,45.86,180.00,187.94,151.94,"5,147.21"
03/04/2024,169.65,630.08,184.92,17.61,46.75,182.41,190.90,156.37,"5,211.49"
02/04/2024,168.84,614.21,188.04,17.52,46.42,180.69,188.88,155.87,"5,205.81"
01/04/2024,170.03,614.31,189.50,17.50,47.78,180.97,189.83,156.50,"5,243.77"
28/03/2024,171.48,607.33,192.99,17.60,47.21,180.38,190.96,152.26,"5,254.35"
27/03/2024,173.31,613.53,191.95,17.55,46.60,179.83,190.80,151.94,"5,248.49"
26/03/2024,169.71,629.24,187.50,17.18,46.46,178.30,188.50,151.70,"5,203.58"
25/03/2024,170.85,627.46,191.41,17.12,44.55,179.71,188.79,151.15,"5,218.19"
22/03/2024,172.28,628.01,188.85,16.98,44.47,178.87,190.84,151.77,"5,234.18"
21/03/2024,171.37,622.71,187.70,17.16,44.75,178.15,191.90,148.74,"5,241.53"
20/03/2024,178.67,627.69,187.78,17.21,44.61,178.15,193.96,149.68,"5,224.62"
19/03/2024,176.08,620.74,181.14,17.17,44.47,175.90,193.34,147.92,"5,178.51"
18/03/2024,173.72,618.39,179.84,17.30,44.12,174.48,191.69,148.48,"5,149.42"
15/03/2024,172.62,605.88,182.53,17.05,42.88,174.42,191.07,142.17,"5,117.09"
14/03/2024,173.00,613.01,181.15,17.01,42.77,178.75,193.43,144.34,"5,150.48"
13/03/2024,171.13,609.45,182.35,17.19,42.86,176.56,196.70,140.77,"5,165.31"
12/03/2024,173.23,611.08,184.24,17.20,42.80,175.39,197.78,139.62,"5,175.27"
11/03/2024,172.75,600.93,192.49,17.33,42.64,171.96,191.73,138.94,"5,117.94"
08/03/2024,170.73,604.82,198.49,17.20,42.47,175.35,195.95,136.29,"5,123.69"
07/03/2024,169.00,608.51,203.03,17.05,42.91,176.82,196.54,135.24,"5,157.36"
06/03/2024,169.12,597.69,201.00,17.18,42.03,173.51,196.16,132.56,"5,104.76"
05/03/2024,170.12,598.50,201.14,17.17,41.99,174.12,191.95,133.78,"5,078.65"
04/03/2024,175.10,615.83,200.54,16.80,42.01,177.58,193.06,134.20,"5,130.95"
01/03/2024,179.66,619.34,200.00,16.98,42.96,178.22,188.20,138.08,"5,137.08"
29/02/2024,180.75,602.92,203.72,16.93,43.28,176.76,185.03,139.78,"5,096.27"
28/02/2024,181.42,596.48,207.00,16.96,42.19,173.16,185.30,137.43,"5,069.76"
27/02/2024,182.63,601.67,201.40,16.83,42.00,173.54,184.87,140.10,"5,078.18"
26/02/2024,181.16,587.65,200.54,16.60,41.75,174.73,184.13,138.75,"5,069.53"
23/02/2024,182.52,583.56,200.83,16.80,42.58,174.99,185.72,145.29,"5,088.80"
22/02/2024,184.37,588.47,201.50,16.59,42.43,174.58,184.21,145.32,"5,087.03"
21/02/2024,182.32,573.35,201.57,17.00,42.30,168.59,179.70,143.84,"4,981.80"
20/02/2024,181.56,575.13,203.37,16.91,42.36,167.08,183.44,142.20,"4,975.51"
16/02/2024,182.31,583.95,203.89,16.97,42.54,169.51,187.64,141.76,"5,005.57"
15/02/2024,183.86,593.46,205.33,17.09,43.10,169.80,186.87,143.94,"5,029.73"
14/02/2024,184.15,579.33,203.38,16.91,42.80,170.98,183.57,147.14,"5,000.62"
13/02/2024,185.04,554.52,204.46,16.90,45.66,168.64,183.70,146.37,"4,953.17"
12/02/2024,187.15,557.85,209.33,17.02,47.02,172.34,186.16,148.73,"5,021.84"
09/02/2024,188.85,561.32,209.20,16.84,46.74,174.45,186.34,150.22,"5,026.61"
08/02/2024,188.32,558.53,209.22,16.82,46.43,169.84,184.36,147.22,"4,997.91"
07/02/2024,189.41,559.30,211.92,17.33,44.72,170.53,183.74,146.68,"4,995.06"
06/02/2024,189.30,555.88,208.58,17.61,44.69,169.15,183.41,145.41,"4,954.23"
05/02/2024,187.68,562.06,206.63,17.73,44.51,170.31,183.42,144.93,"4,942.81"
02/02/2024,185.85,564.64,209.38,17.83,44.88,171.81,185.79,143.54,"4,958.61"
01/02/2024,186.86,567.51,209.81,18.04,44.71,159.28,186.90,142.71,"4,906.19"
31/01/2024,184.40,564.11,211.04,17.69,43.37,155.20,183.66,141.80,"4,845.65"
30/01/2024,188.04,562.85,200.44,17.53,43.66,159.00,187.87,153.05,"4,924.97"
29/01/2024,191.73,575.79,205.19,17.25,43.85,161.26,187.14,154.84,"4,927.93"
26/01/2024,192.42,570.42,205.47,17.29,43.65,159.12,187.42,153.79,"4,890.97"
25/01/2024,194.17,562.00,201.88,17.18,43.62,157.75,190.43,153.64,"4,894.16"
24/01/2024,194.50,544.87,214.13,16.68,42.86,156.87,173.93,150.35,"4,868.55"
23/01/2024,195.18,492.19,211.50,17.19,43.05,156.02,173.94,148.68,"4,864.60"
22/01/2024,193.89,485.71,214.93,16.80,42.56,154.78,172.83,147.71,"4,850.43"
19/01/2024,191.56,482.95,215.02,16.67,43.00,155.34,171.48,147.97,"4,839.81"
18/01/2024,188.63,485.31,211.61,16.40,42.86,153.50,166.84,144.99,"4,780.94"
17/01/2024,182.68,480.33,203.06,16.41,41.63,151.71,166.08,142.89,"4,739.21"
16/01/2024,183.63,481.24,200.52,16.44,42.27,153.16,166.96,144.08,"4,765.98"
12/01/2024,185.92,492.16,217.70,16.48,42.37,154.62,165.80,144.24,"4,783.83"
11/01/2024,185.59,492.23,222.66,16.23,43.41,155.18,162.16,143.67,"4,780.24"
10/01/2024,186.19,478.33,227.84,16.87,43.49,153.73,161.23,143.80,"4,783.45"
09/01/2024,185.14,482.09,225.76,16.95,44.61,151.37,160.08,142.56,"4,756.50"
08/01/2024,185.56,485.03,229.00,17.32,45.91,149.10,161.14,140.53,"4,763.54"
05/01/2024,181.18,474.06,249.00,17.47,44.83,145.24,159.16,137.39,"4,697.24"
04/01/2024,181.91,474.67,244.94,17.15,44.35,144.57,160.86,138.04,"4,688.68"
03/01/2024,184.25,470.26,243.91,17.23,44.25,148.47,160.10,140.36,"4,704.81"
02/01/2024,185.64,468.50,251.76,17.25,45.48,149.93,161.50,139.56,"4,742.83"
29/12/2023,192.53,486.88,260.66,16.78,44.68,151.94,163.55,140.93,"4,769.83"
28/12/2023,193.58,490.51,260.35,16.74,45.05,153.38,163.75,141.28,"4,783.35"
27/12/2023,193.15,491.79,262.10,16.58,44.79,153.34,163.46,141.44,"4,781.58"
26/12/2023,193.05,491.19,262.79,16.57,44.66,153.41,163.21,142.82,"4,774.75"
22/12/2023,193.60,486.76,260.44,16.55,44.38,153.42,162.14,142.72,"4,754.63"
21/12/2023,194.68,491.61,262.02,16.49,44.49,153.84,160.78,141.80,"4,746.75"
20/12/2023,194.83,489.27,260.25,16.40,43.49,152.12,160.05,139.66,"4,698.35"
19/12/2023,196.94,495.02,263.51,16.61,45.02,153.79,161.56,138.10,"4,768.37"
18/12/2023,195.89,486.12,260.41,16.46,43.54,154.07,162.74,137.19,"4,740.56"
15/12/2023,197.57,472.06,264.27,16.52,43.10,149.97,162.23,133.84,"4,719.19"
14/12/2023,198.11,469.83,256.24,16.65,44.66,147.42,162.91,133.20,"4,719.55"
13/12/2023,197.96,479.98,250.91,16.45,43.75,148.84,163.62,133.97,"4,707.09"
12/12/2023,194.71,463.00,248.63,16.41,43.37,147.48,164.71,133.64,"4,643.70"
11/12/2023,193.18,459.89,248.08,16.62,43.54,145.89,163.51,134.70,"4,622.44"
08/12/2023,195.71,453.76,244.70,16.92,41.42,147.42,161.96,136.64,"4,604.37"
07/12/2023,194.27,452.00,237.33,17.09,39.81,146.88,160.22,138.45,"4,585.59"
06/12/2023,192.32,446.73,236.89,16.94,39.37,144.52,160.28,131.43,"4,549.34"
05/12/2023,193.42,455.15,234.16,17.22,39.13,146.88,161.39,132.39,"4,567.18"
04/12/2023,189.43,453.90,234.87,16.66,40.35,144.84,161.10,130.63,"4,569.78"
01/12/2023,191.24,465.74,233.87,16.76,40.84,147.03,160.55,133.32,"4,594.63"
30/11/2023,189.95,473.97,231.63,16.57,39.44,146.09,158.56,133.92,"4,567.80"
29/11/2023,189.37,477.19,224.43,16.30,39.43,146.32,156.41,136.40,"4,550.58"
28/11/2023,190.40,479.00,222.37,16.18,39.73,147.03,155.65,138.62,"4,554.89"
27/11/2023,189.79,479.17,219.30,16.21,40.05,147.73,155.57,138.05,"4,550.43"
24/11/2023,189.97,479.56,220.00,16.21,40.22,146.74,155.18,138.22,"4,559.34"
22/11/2023,191.31,478.00,219.91,16.17,40.35,146.71,155.13,140.02,"4,556.62"
21/11/2023,190.64,474.95,218.27,16.19,39.86,143.90,153.91,138.62,"4,538.19"
20/11/2023,191.45,474.47,217.71,16.10,40.31,146.13,154.35,137.92,"4,547.38"
17/11/2023,189.69,465.91,208.04,15.90,39.80,145.18,152.89,136.94,"4,514.02"
16/11/2023,189.71,466.95,206.60,15.88,40.21,142.83,153.06,138.70,"4,508.24"
15/11/2023,188.01,461.94,208.71,15.76,40.63,143.20,152.58,136.38,"4,502.88"
14/11/2023,187.44,448.65,207.47,15.63,40.26,145.80,150.41,135.43,"4,495.70"
13/11/2023,184.80,444.62,204.54,15.58,37.94,142.59,148.10,133.64,"4,411.55"
10/11/2023,186.40,447.24,196.65,15.64,38.74,143.56,149.02,134.06,"4,415.24"
09/11/2023,182.41,435.15,193.33,15.63,38.21,140.60,146.62,131.69,"4,347.35"
08/11/2023,182.89,436.65,191.83,15.65,38.65,142.08,148.03,133.26,"4,382.78"
07/11/2023,181.82,434.61,191.41,15.84,38.27,142.71,148.83,132.40,"4,378.38"
06/11/2023,179.23,434.74,192.95,15.75,38.28,139.74,148.97,131.45,"4,365.98"
03/11/2023,176.65,432.36,195.05,15.88,38.16,138.60,147.90,130.37,"4,358.34"
02/11/2023,177.57,424.71,192.01,15.73,36.25,138.07,147.01,128.58,"4,317.78"
01/11/2023,173.97,420.19,189.38,15.58,34.97,137.00,145.40,127.57,"4,237.86"
31/10/2023,170.77,411.69,186.82,15.40,34.92,133.09,144.64,125.30,"4,193.80"
30/10/2023,170.29,410.08,182.35,15.26,34.83,132.71,142.63,125.75,"4,166.82"
27/10/2023,168.22,397.87,179.69,14.82,34.23,127.74,142.52,123.40,"4,117.37"
26/10/2023,166.89,403.54,179.09,15.12,34.84,119.57,143.76,123.44,"4,137.23"
25/10/2023,171.10,411.25,177.73,15.19,34.63,121.39,137.08,126.67,"4,186.77"
24/10/2023,173.44,413.73,182.36,15.53,36.66,128.56,137.79,140.12,"4,247.68"
23/10/2023,173.00,406.84,181.03,14.95,36.64,126.56,136.38,137.90,"4,217.04"
20/10/2023,172.88,400.96,180.04,15.38,35.25,125.17,137.16,136.74,"4,224.16"
19/10/2023,175.46,401.77,182.79,15.26,35.99,128.40,138.01,138.98,"4,278.00"
18/10/2023,175.84,346.19,185.69,14.32,35.63,128.13,139.97,139.28,"4,314.60"
17/10/2023,177.15,355.72,185.60,14.58,36.84,131.47,140.32,140.99,"4,373.20"
16/10/2023,178.72,360.82,184.93,14.41,36.95,132.55,139.21,140.49,"4,373.63"
13/10/2023,178.85,355.68,184.91,14.36,36.44,129.79,138.46,138.58,"4,327.78"
12/10/2023,180.71,361.20,191.30,14.45,37.16,132.33,141.24,140.29,"4,349.61"
11/10/2023,179.80,365.93,196.07,14.77,38.01,131.83,143.23,141.70,"4,376.95"
10/10/2023,178.39,373.32,193.53,14.96,37.39,129.48,142.11,139.20,"4,358.24"
09/10/2023,178.99,385.95,188.49,14.73,37.18,128.26,142.20,139.50,"4,335.66"
06/10/2023,177.49,381.51,187.38,14.45,36.48,127.96,142.03,138.73,"4,308.50"
05/10/2023,174.91,372.59,186.29,14.83,34.79,125.96,141.52,135.99,"4,258.19"
04/10/2023,173.66,376.90,186.73,14.65,35.16,127.00,141.07,136.27,"4,263.75"
03/10/2023,172.40,376.75,188.92,14.78,35.72,124.72,140.39,133.30,"4,229.45"
02/10/2023,173.75,380.33,187.83,14.67,36.79,129.46,140.80,135.17,"4,288.39"
29/09/2023,171.21,377.60,191.68,15.02,36.76,127.12,140.30,131.85,"4,288.05"
28/09/2023,170.69,376.36,190.43,15.01,36.64,125.98,141.58,133.13,"4,299.70"
27/09/2023,170.43,377.59,195.46,14.87,36.49,125.98,143.17,131.46,"4,274.51"
26/09/2023,171.96,379.25,195.64,15.02,36.85,125.98,143.24,129.45,"4,273.53"
25/09/2023,176.08,384.80,198.78,15.06,36.86,131.27,146.48,132.17,"4,337.44"
22/09/2023,174.79,379.81,197.71,15.12,36.54,129.12,146.91,131.25,"4,320.06"
21/09/2023,173.93,384.15,199.95,15.31,37.03,129.33,147.38,131.36,"4,330.00"
20/09/2023,175.49,386.30,202.37,15.55,38.77,135.29,149.83,134.59,"4,402.20"
19/09/2023,179.07,396.20,204.48,15.21,39.20,137.63,146.52,138.83,"4,443.95"
18/09/2023,177.97,394.40,205.12,15.09,40.29,139.98,145.09,138.96,"4,453.53"
15/09/2023,175.01,396.94,208.11,15.23,41.08,140.39,145.99,138.30,"4,450.32"
14/09/2023,175.74,400.49,209.05,15.06,41.58,144.72,147.35,138.99,"4,505.10"
13/09/2023,174.21,412.24,208.40,14.62,41.47,144.85,146.55,137.50,"4,467.44"
12/09/2023,176.30,434.69,210.65,14.46,41.99,141.23,146.30,136.07,"4,461.90"
11/09/2023,179.36,445.36,211.01,14.52,42.70,143.10,148.38,137.74,"4,487.46"
08/09/2023,178.18,442.80,211.27,14.40,43.74,138.23,147.68,137.20,"4,457.49"
07/09/2023,177.56,443.14,216.05,14.61,43.40,137.85,147.52,136.20,"4,451.14"
06/09/2023,182.91,445.76,217.95,14.61,43.47,135.36,148.06,135.37,"4,465.48"
05/09/2023,189.70,448.68,222.57,14.48,43.22,137.27,148.13,136.71,"4,496.83"
01/09/2023,189.46,439.88,223.40,14.65,44.35,138.12,147.94,136.80,"4,515.77"
31/08/2023,187.87,433.68,224.03,14.79,43.98,138.01,146.83,137.35,"4,507.66"
30/08/2023,187.65,434.67,228.85,14.73,44.03,135.07,146.86,136.93,"4,514.87"
29/08/2023,184.12,429.99,227.25,14.77,43.58,134.91,146.45,135.49,"4,497.63"
28/08/2023,180.19,418.06,227.06,14.21,43.13,133.14,146.02,131.79,"4,433.31"
25/08/2023,178.61,416.03,223.41,14.11,42.17,133.26,145.35,130.69,"4,405.71"
24/08/2023,176.38,406.93,217.31,14.15,42.40,131.84,143.55,130.42,"4,376.31"
23/08/2023,181.12,427.55,228.58,14.16,43.09,135.52,143.41,133.21,"4,436.01"
22/08/2023,177.23,413.17,230.07,14.26,42.64,134.25,141.49,129.69,"4,387.55"
21/08/2023,175.84,408.29,227.22,14.10,42.29,134.68,142.28,128.93,"4,399.77"
18/08/2023,174.49,404.53,226.65,14.05,42.54,133.22,141.41,128.11,"4,369.71"
17/08/2023,174.00,403.00,224.54,14.01,42.55,133.98,140.66,130.46,"4,370.36"
16/08/2023,176.57,415.45,229.95,14.10,43.73,135.07,140.64,129.11,"4,404.33"
15/08/2023,177.45,423.70,232.26,14.14,44.18,137.67,141.87,130.27,"4,437.86"
14/08/2023,179.46,427.78,236.71,14.26,45.66,140.57,141.91,131.83,"4,489.72"
11/08/2023,177.79,421.66,235.72,14.37,45.83,138.41,143.12,130.17,"4,464.05"
10/08/2023,177.97,429.98,238.26,14.17,46.48,138.56,143.25,130.21,"4,468.83"
09/08/2023,178.19,428.90,237.86,14.27,45.75,137.85,142.49,130.15,"4,467.71"
08/08/2023,179.80,438.30,238.04,14.18,45.99,139.94,145.91,131.84,"4,499.38"
07/08/2023,178.85,440.76,238.25,14.01,45.70,142.22,146.18,131.94,"4,518.44"
04/08/2023,181.99,431.60,231.36,14.00,44.99,139.57,144.24,128.54,"4,478.03"
03/08/2023,191.17,431.00,231.36,14.09,45.76,128.91,144.45,128.77,"4,501.89"
02/08/2023,192.58,429.70,231.38,14.35,49.26,128.21,144.17,128.64,"4,513.39"
01/08/2023,195.61,438.62,238.01,14.30,50.03,131.69,143.33,131.89,"4,576.73"
31/07/2023,196.45,438.97,238.85,14.52,50.77,133.68,144.18,133.11,"4,588.96"
28/07/2023,195.83,425.78,238.69,14.45,50.90,132.21,143.45,133.01,"4,582.23"
27/07/2023,193.22,413.17,233.75,14.51,50.09,128.25,142.97,129.87,"4,537.41"
26/07/2023,194.50,422.67,232.80,14.89,50.17,128.15,141.07,129.66,"4,566.75"
25/07/2023,193.62,427.70,214.12,14.80,49.71,129.13,140.33,122.79,"4,567.46"
24/07/2023,192.75,428.37,215.87,14.95,49.00,128.80,139.54,121.88,"4,554.64"
21/07/2023,191.94,427.50,211.80,14.76,49.62,130.00,138.94,120.31,"4,536.34"
20/07/2023,193.13,437.42,213.61,14.66,49.75,129.96,138.38,119.53,"4,534.87"
19/07/2023,195.10,477.59,208.60,14.59,49.93,135.36,135.48,122.78,"4,565.72"
18/07/2023,193.73,474.80,211.57,13.45,49.89,132.83,135.36,124.08,"4,554.98"
17/07/2023,193.99,450.05,211.87,13.53,48.19,133.56,134.24,125.06,"4,522.79"
14/07/2023,190.69,441.91,213.12,14.50,48.26,134.68,133.40,125.70,"4,505.42"
13/07/2023,190.54,450.38,216.85,15.12,48.99,134.30,133.92,124.83,"4,510.04"
12/07/2023,189.77,444.05,217.11,15.12,47.06,130.80,132.84,119.62,"4,472.16"
11/07/2023,188.08,440.21,218.76,15.23,46.62,128.78,134.44,117.71,"4,439.26"
10/07/2023,188.61,441.71,213.31,15.27,45.50,127.13,132.90,116.87,"4,409.53"
07/07/2023,190.68,438.10,212.10,15.61,43.09,129.78,132.08,120.14,"4,398.95"
06/07/2023,191.81,438.84,212.62,15.87,42.09,128.36,132.16,120.93,"4,411.59"
05/07/2023,191.33,445.90,213.31,16.07,42.49,130.38,134.24,122.63,"4,446.82"
03/07/2023,192.46,441.44,210.92,16.12,43.80,130.22,133.67,120.56,"4,455.59"
30/06/2023,193.97,440.49,211.16,15.95,43.92,130.36,133.81,120.97,"4,450.38"
29/06/2023,189.59,428.24,211.83,15.98,43.01,127.90,134.06,120.01,"4,396.44"
28/06/2023,189.25,429.84,210.72,15.78,42.36,129.04,131.76,121.08,"4,376.86"
27/06/2023,188.06,417.08,209.43,15.84,42.44,129.18,132.34,119.01,"4,378.41"
26/06/2023,185.27,415.94,205.58,15.63,41.75,127.33,131.34,119.09,"4,328.82"
23/06/2023,186.68,424.02,205.41,15.45,41.38,129.33,129.43,123.02,"4,348.33"
22/06/2023,187.00,422.48,205.61,15.58,42.50,130.15,131.17,123.87,"4,381.89"
21/06/2023,183.96,424.45,212.08,15.61,42.93,124.83,133.69,121.26,"4,365.69"
20/06/2023,185.01,434.70,212.37,15.78,43.06,125.78,135.96,123.85,"4,388.71"
16/06/2023,184.92,431.96,219.99,16.06,42.64,125.49,137.48,124.06,"4,409.59"
15/06/2023,186.01,445.27,219.41,16.03,43.72,127.11,138.40,125.79,"4,425.84"
14/06/2023,183.95,440.86,216.90,15.84,43.84,126.42,137.20,124.38,"4,372.59"
13/06/2023,183.31,435.73,220.38,15.82,44.23,126.66,137.60,124.43,"4,369.01"
12/06/2023,183.79,423.97,221.56,15.93,42.80,126.57,136.42,124.35,"4,338.93"
09/06/2023,180.96,420.02,217.31,15.95,41.33,123.43,135.30,122.87,"4,298.86"
08/06/2023,180.57,409.37,218.11,16.07,41.57,124.25,134.41,122.67,"4,293.93"
07/06/2023,177.82,399.77,211.93,16.10,41.53,121.23,134.38,122.94,"4,267.52"
06/06/2023,179.21,399.29,207.29,15.67,41.31,126.61,132.69,127.91,"4,283.85"
05/06/2023,179.58,403.54,208.78,15.39,40.76,125.30,132.64,126.63,"4,273.79"
02/06/2023,180.95,400.47,213.32,15.21,40.71,124.25,132.42,125.23,"4,282.37"
01/06/2023,180.09,403.13,207.96,15.81,39.12,122.77,129.82,124.37,"4,221.02"
31/05/2023,177.25,395.23,205.70,15.73,39.29,120.58,128.59,123.37,"4,179.83"
30/05/2023,177.30,392.98,204.69,15.64,39.64,121.66,129.48,124.64,"4,205.52"
26/05/2023,175.43,378.88,203.63,15.50,40.39,120.11,128.89,125.43,"4,205.45"
25/05/2023,172.99,359.00,200.87,15.15,39.96,115.00,126.76,124.35,"4,151.28"
24/05/2023,171.84,364.85,199.27,15.95,39.83,116.75,125.68,121.64,"4,115.24"
23/05/2023,171.56,355.99,202.60,16.10,40.17,114.99,128.18,123.29,"4,145.58"
22/05/2023,174.20,363.01,205.91,16.38,42.33,115.01,127.50,125.87,"4,192.63"
19/05/2023,175.16,365.36,205.49,16.31,42.48,116.25,127.26,123.25,"4,191.98"
18/05/2023,175.05,371.29,207.24,16.55,42.94,118.15,126.15,123.52,"4,198.05"
17/05/2023,172.69,339.96,206.87,16.66,42.19,115.50,125.71,121.48,"4,158.77"
16/05/2023,172.07,333.75,200.87,16.53,41.15,113.40,123.46,120.09,"4,109.90"
15/05/2023,172.07,335.89,202.77,16.95,42.69,111.20,123.36,116.96,"4,136.28"
12/05/2023,172.57,339.89,200.70,17.03,41.97,110.26,122.84,117.92,"4,124.08"
11/05/2023,173.75,344.76,201.84,16.96,42.52,112.18,120.90,116.90,"4,130.62"
10/05/2023,173.56,335.42,200.84,17.04,42.88,110.19,122.02,112.28,"4,137.64"
09/05/2023,171.77,332.14,201.88,17.02,43.39,106.62,121.17,107.94,"4,119.17"
08/05/2023,173.50,331.21,197.26,17.12,43.44,105.83,123.40,108.24,"4,138.12"
05/05/2023,173.57,322.76,198.34,17.13,43.14,105.66,123.65,106.22,"4,136.25"
04/05/2023,165.79,320.78,197.05,16.91,42.81,104.00,122.57,105.21,"4,061.22"
03/05/2023,167.45,319.30,200.93,17.09,43.74,103.65,123.45,106.12,"4,090.75"
02/05/2023,168.54,317.55,203.25,17.07,45.95,103.63,125.16,105.98,"4,119.58"
01/05/2023,169.59,324.12,203.87,17.50,46.04,102.05,126.09,107.71,"4,167.87"
28/04/2023,169.68,329.93,206.78,17.67,44.92,105.45,126.41,108.22,"4,169.48"
27/04/2023,168.41,325.85,206.04,17.61,43.39,109.82,126.97,108.37,"4,135.35"
26/04/2023,163.76,321.15,203.03,17.20,42.37,104.98,125.85,104.45,"4,055.99"
25/04/2023,163.77,322.55,202.19,17.51,43.44,102.57,125.89,104.61,"4,071.63"
24/04/2023,165.33,329.02,205.77,17.53,44.75,106.21,125.40,106.78,"4,137.04"
21/04/2023,165.02,327.98,205.15,18.22,44.88,106.96,125.73,105.91,"4,133.52"
20/04/2023,166.65,325.35,207.23,17.65,44.60,103.81,126.36,105.90,"4,129.79"
19/04/2023,167.63,323.12,208.71,19.70,44.64,104.30,126.32,105.02,"4,154.52"
18/04/2023,166.47,333.70,208.37,19.82,44.59,102.30,127.78,105.12,"4,154.87"
17/04/2023,165.23,332.72,205.03,19.79,43.88,102.74,127.82,106.42,"4,151.32"
14/04/2023,165.21,338.63,201.71,19.93,43.55,102.51,128.14,109.46,"4,137.64"
13/04/2023,165.56,346.19,213.59,19.96,43.60,102.40,127.90,108.19,"4,146.22"
12/04/2023,160.10,331.03,212.34,19.77,42.98,97.83,128.54,105.22,"4,091.95"
11/04/2023,160.80,338.21,212.32,19.69,43.36,99.92,130.42,106.12,"4,108.94"
10/04/2023,162.03,338.99,210.78,19.57,43.18,102.17,131.03,106.95,"4,109.11"
06/04/2023,164.66,339.33,211.37,19.65,42.98,102.06,130.50,108.90,"4,105.02"
05/04/2023,163.76,342.35,210.00,19.88,43.18,101.10,132.14,104.95,"4,090.38"
04/04/2023,165.63,346.75,213.90,19.64,44.03,103.95,131.60,105.12,"4,100.60"
03/04/2023,166.17,348.28,215.39,19.39,44.25,102.41,132.06,104.91,"4,124.51"
31/03/2023,164.90,345.48,212.43,19.25,44.42,103.29,131.09,104.00,"4,109.31"
30/03/2023,162.36,338.43,211.04,19.08,43.33,102.00,129.22,101.32,"4,050.83"
29/03/2023,160.77,332.03,207.97,19.00,43.08,100.25,129.71,101.90,"4,027.81"
28/03/2023,157.65,323.52,204.96,18.72,41.81,97.24,129.34,101.36,"3,971.27"
27/03/2023,158.28,327.66,200.57,18.87,41.73,98.04,129.31,103.06,"3,977.53"
24/03/2023,160.25,328.39,197.53,18.61,41.11,98.13,125.29,106.06,"3,970.99"
23/03/2023,158.93,320.37,197.90,18.46,41.23,98.71,123.37,106.26,"3,948.72"
22/03/2023,157.83,293.90,196.16,18.39,41.59,98.70,124.05,104.22,"3,936.97"
21/03/2023,159.28,305.79,204.70,18.54,42.68,100.61,126.57,105.84,"4,002.87"
20/03/2023,157.40,305.13,204.77,18.49,41.79,97.71,125.94,101.93,"3,951.57"
17/03/2023,155.00,303.50,201.05,18.13,41.25,98.95,123.69,102.46,"3,916.64"
16/03/2023,155.85,310.06,203.19,18.39,41.95,100.04,124.70,101.07,"3,960.28"
15/03/2023,152.99,303.79,198.21,18.31,41.04,96.20,123.28,96.55,"3,891.93"
14/03/2023,152.59,294.94,207.28,18.44,42.33,94.88,124.65,94.25,"3,919.29"
13/03/2023,150.47,293.51,203.37,18.30,41.74,92.43,125.58,91.66,"3,855.76"
10/03/2023,148.50,292.76,203.07,18.43,42.68,90.73,125.45,91.01,"3,861.59"
09/03/2023,150.59,297.78,201.24,18.32,43.18,92.25,126.16,92.66,"3,918.32"
08/03/2023,152.87,311.79,207.20,18.61,45.18,93.92,128.05,94.65,"3,992.01"
07/03/2023,151.60,308.47,207.92,18.71,44.82,93.55,128.25,94.17,"3,986.37"
06/03/2023,153.83,312.03,211.92,18.77,45.29,93.75,130.19,95.58,"4,048.42"
03/03/2023,151.03,315.18,215.11,18.81,45.91,94.90,129.64,94.02,"4,045.64"
02/03/2023,145.91,311.88,210.06,18.66,45.27,92.13,128.93,92.31,"3,981.35"
01/03/2023,145.31,313.48,204.55,18.66,44.38,92.17,128.19,90.51,"3,951.39"
28/02/2023,147.41,322.13,201.55,18.91,43.01,94.23,129.30,90.30,"3,970.15"
27/02/2023,147.92,323.03,200.46,19.03,42.84,93.76,130.49,90.10,"3,982.24"
24/02/2023,146.71,317.15,198.15,19.24,42.60,93.50,130.57,89.35,"3,970.04"
23/02/2023,149.40,323.65,208.13,19.35,43.15,95.82,130.79,91.07,"4,012.32"
22/02/2023,148.91,334.88,205.76,19.38,43.27,95.79,130.97,91.80,"3,991.05"
21/02/2023,148.48,337.50,205.52,19.21,42.98,94.58,131.71,92.05,"3,997.34"
17/02/2023,152.55,347.96,211.66,19.44,43.56,97.20,135.02,94.59,"4,079.09"
16/02/2023,153.71,350.71,212.21,19.26,44.20,98.15,135.00,95.78,"4,090.41"
15/02/2023,155.33,361.42,217.44,19.25,44.18,101.16,136.40,97.10,"4,147.60"
14/02/2023,153.20,359.96,218.45,19.15,44.14,99.70,136.01,94.95,"4,136.13"
13/02/2023,153.85,358.57,215.65,19.26,44.12,99.54,137.35,95.00,"4,137.29"
10/02/2023,151.01,347.36,212.89,19.07,43.83,97.61,135.60,94.86,"4,090.46"
09/02/2023,150.87,362.50,211.99,18.97,44.10,98.24,133.75,95.46,"4,081.50"
08/02/2023,151.92,366.83,213.50,19.16,41.43,100.05,135.98,100.00,"4,117.86"
07/02/2023,154.65,362.95,214.76,19.25,41.99,102.11,135.84,108.04,"4,164.00"
06/02/2023,151.73,361.48,206.81,19.58,41.24,102.18,136.18,103.47,"4,111.08"
03/02/2023,154.50,365.90,206.01,19.83,41.71,103.39,136.94,105.22,"4,136.48"
02/02/2023,150.82,366.89,209.34,20.28,41.39,112.91,136.39,108.80,"4,179.76"
01/02/2023,145.43,361.99,214.75,20.18,41.91,105.15,135.09,101.43,"4,119.21"
31/01/2023,144.29,353.86,213.00,20.37,41.41,103.13,134.73,99.87,"4,076.60"
30/01/2023,143.00,353.11,209.67,20.16,39.86,100.55,135.30,97.95,"4,017.77"
27/01/2023,145.93,360.77,211.17,19.95,41.01,102.24,134.39,100.71,"4,070.56"
26/01/2023,143.96,364.87,212.73,20.00,40.91,99.22,134.45,99.16,"4,060.43"
25/01/2023,141.86,367.96,212.68,20.42,40.28,97.18,140.76,96.73,"4,016.22"
24/01/2023,142.53,363.83,211.98,19.16,40.28,96.32,141.49,99.21,"4,016.95"
23/01/2023,141.11,357.42,209.97,19.10,39.90,97.52,141.86,101.21,"4,019.81"
20/01/2023,137.87,342.50,206.76,19.23,39.05,97.25,141.20,99.28,"3,972.61"
19/01/2023,135.27,315.78,207.09,18.94,38.16,93.68,140.62,93.91,"3,898.85"
18/01/2023,135.21,326.33,209.41,19.02,38.28,95.46,140.41,91.78,"3,928.86"
17/01/2023,135.94,326.22,211.41,19.33,38.97,96.05,145.19,92.16,"3,990.97"
13/01/2023,134.76,332.82,214.13,19.55,39.54,98.12,145.89,92.80,"3,999.09"
12/01/2023,133.41,330.13,214.32,19.41,38.93,95.27,145.55,91.91,"3,983.17"
11/01/2023,133.49,327.26,208.03,19.41,38.58,95.09,145.26,92.26,"3,969.61"
10/01/2023,130.73,327.54,206.69,19.47,38.85,89.87,144.80,89.24,"3,919.25"
09/01/2023,130.15,315.17,208.57,19.04,37.64,87.36,143.55,88.80,"3,892.09"
06/01/2023,129.62,315.55,213.00,19.53,37.20,86.08,143.70,88.16,"3,895.08"
05/01/2023,125.02,309.70,204.99,19.21,35.15,83.12,141.11,86.77,"3,808.10"
04/01/2023,126.36,309.41,203.64,19.14,35.54,85.14,142.60,88.71,"3,852.97"
03/01/2023,125.07,294.95,195.39,18.74,33.28,85.82,141.55,89.70,"3,824.14"
30/12/2022,129.93,294.88,190.49,18.41,33.53,84.00,140.89,88.73,"3,839.50"
29/12/2022,129.61,291.12,188.91,18.45,33.26,84.18,141.06,88.95,"3,849.28"
28/12/2022,126.04,276.88,188.38,18.22,32.43,81.82,140.02,86.46,"3,783.22"
27/12/2022,130.03,284.17,189.40,18.46,33.87,83.04,142.42,87.93,"3,829.25"
23/12/2022,131.86,294.97,189.06,18.31,33.82,85.25,141.65,89.81,"3,844.82"
22/12/2022,132.23,297.75,188.25,18.27,33.75,83.79,140.88,88.26,"3,822.39"
21/12/2022,135.45,297.96,196.00,18.15,34.57,86.77,142.14,90.25,"3,878.44"
20/12/2022,132.30,288.19,188.29,18.07,34.37,85.19,141.28,89.63,"3,821.62"
19/12/2022,132.37,288.30,185.68,17.86,34.22,84.92,138.87,89.15,"3,817.66"
16/12/2022,134.51,290.71,184.70,18.49,35.66,87.86,140.16,90.86,"3,852.36"
15/12/2022,136.50,290.41,183.72,18.47,36.22,88.45,142.36,91.20,"3,895.75"
14/12/2022,143.21,317.83,188.25,18.90,36.93,91.58,149.86,95.31,"3,995.32"
13/12/2022,145.47,320.34,187.13,19.12,37.46,92.49,150.57,95.85,"4,019.65"
12/12/2022,144.49,315.18,186.27,19.30,36.90,90.55,149.21,93.56,"3,990.56"
09/12/2022,142.16,320.01,179.54,19.09,36.35,89.09,147.05,93.07,"3,934.38"
08/12/2022,142.65,310.26,179.08,19.12,37.01,90.35,147.78,93.95,"3,963.51"
07/12/2022,140.94,308.42,176.50,19.30,36.38,88.46,147.27,95.15,"3,933.92"
06/12/2022,142.91,305.56,178.43,19.17,37.32,88.25,147.50,97.31,"3,941.26"
05/12/2022,146.63,312.59,185.10,18.75,37.80,91.01,147.41,99.87,"3,998.84"
02/12/2022,147.81,320.41,182.87,19.02,37.08,94.13,148.67,100.83,"4,071.70"
01/12/2022,148.31,316.95,175.78,19.19,37.27,95.50,149.16,101.28,"4,076.57"
30/11/2022,148.03,305.53,178.88,19.28,36.86,96.54,148.90,101.45,"4,080.11"
29/11/2022,141.17,280.96,175.32,19.01,35.86,92.42,146.49,95.44,"3,957.63"
28/11/2022,144.22,281.17,171.83,18.82,34.92,93.95,146.18,96.25,"3,963.94"
25/11/2022,148.11,285.54,178.36,19.12,35.73,93.41,148.37,97.60,"4,026.12"
23/11/2022,151.07,291.50,174.85,19.09,35.88,94.13,148.75,98.82,"4,027.26"
22/11/2022,150.18,286.69,172.50,19.00,35.47,93.20,149.10,97.33,"4,003.58"
21/11/2022,148.01,285.05,172.94,18.84,35.76,92.46,146.68,95.83,"3,949.94"
18/11/2022,151.29,287.98,173.89,18.97,36.74,94.14,147.64,97.80,"3,965.34"
17/11/2022,150.72,295.28,172.78,18.95,37.04,94.85,146.09,98.50,"3,946.56"
16/11/2022,148.79,306.02,172.69,18.93,37.02,97.12,144.52,98.99,"3,958.79"
15/11/2022,150.04,310.20,175.35,19.02,37.49,98.94,144.34,98.72,"3,991.73"
14/11/2022,148.28,299.27,173.55,19.06,36.95,98.49,144.20,96.03,"3,957.25"
11/11/2022,149.70,290.13,177.49,19.05,36.63,100.79,143.17,96.73,"3,992.93"
10/11/2022,146.87,274.97,177.58,18.84,35.31,96.63,141.23,94.17,"3,956.37"
09/11/2022,134.87,254.66,168.74,18.38,33.56,86.14,137.39,87.40,"3,748.57"
08/11/2022,139.50,263.46,169.62,18.57,34.49,89.98,140.04,88.91,"3,828.11"
07/11/2022,138.92,258.60,164.91,18.36,34.19,90.53,138.34,88.65,"3,806.80"
04/11/2022,138.38,260.79,160.01,18.32,33.84,90.98,136.96,86.70,"3,770.55"
03/11/2022,138.88,269.06,156.75,18.17,31.41,89.30,134.47,83.49,"3,719.89"
02/11/2022,145.03,273.00,147.41,18.43,35.11,92.12,136.83,87.07,"3,759.69"
01/11/2022,150.65,286.75,143.38,18.35,35.94,96.79,138.20,90.50,"3,856.10"
31/10/2022,153.34,291.88,142.51,18.23,35.57,102.44,138.29,94.66,"3,871.98"
28/10/2022,155.74,295.72,143.84,18.48,35.96,103.41,138.51,96.58,"3,901.06"
27/10/2022,144.80,296.94,139.76,18.03,34.50,110.96,134.77,92.60,"3,807.30"
26/10/2022,149.35,298.62,133.79,18.14,34.33,115.66,135.01,94.82,"3,830.60"
25/10/2022,152.34,291.02,146.65,17.69,34.19,120.60,132.93,104.93,"3,859.11"
24/10/2022,149.45,282.45,142.05,17.51,33.97,119.82,132.69,102.97,"3,797.34"
21/10/2022,147.27,289.57,141.32,17.10,33.92,119.32,129.90,101.48,"3,752.75"
20/10/2022,143.39,268.16,139.13,16.74,32.46,115.25,128.30,100.53,"3,665.78"
19/10/2022,143.86,272.38,138.39,15.54,32.46,115.07,122.51,100.29,"3,695.16"
18/10/2022,143.75,240.86,137.34,15.60,32.57,116.36,122.94,101.39,"3,719.98"
17/10/2022,142.41,245.10,136.09,15.31,32.25,113.79,121.52,100.78,"3,677.95"
14/10/2022,138.38,230.00,133.15,14.99,30.64,106.90,120.04,97.18,"3,583.07"
13/10/2022,142.99,232.51,132.40,15.12,30.72,112.53,121.79,99.71,"3,669.91"
12/10/2022,138.34,220.87,130.42,14.63,30.89,112.90,117.57,98.30,"3,577.03"
11/10/2022,138.98,214.29,131.57,14.81,30.56,112.21,117.80,98.05,"3,588.84"
10/10/2022,140.42,229.98,131.90,14.90,31.42,113.67,117.75,98.71,"3,612.39"
07/10/2022,140.09,224.75,129.79,14.94,32.68,114.56,118.82,99.57,"3,639.66"
06/10/2022,145.43,240.02,132.20,15.32,33.32,120.30,122.23,102.24,"3,744.52"
05/10/2022,146.40,236.73,132.11,15.93,33.58,120.95,125.74,102.22,"3,783.28"
04/10/2022,146.10,240.74,133.51,16.09,32.88,121.09,125.50,102.41,"3,790.93"
03/10/2022,142.45,239.04,126.05,15.90,30.61,115.88,121.51,99.30,"3,678.43"
30/09/2022,138.20,235.44,121.08,15.34,29.72,113.00,118.81,96.15,"3,585.62"
29/09/2022,142.48,239.71,125.33,15.53,29.99,114.80,121.63,98.09,"3,640.47"
28/09/2022,149.84,245.20,133.44,15.83,30.62,118.01,122.76,100.74,"3,719.04"
27/09/2022,151.76,224.36,127.51,15.73,29.98,114.41,121.74,98.09,"3,647.29"
26/09/2022,150.77,224.07,127.34,15.67,29.99,115.15,122.01,98.81,"3,655.04"
23/09/2022,150.43,226.41,131.26,16.01,30.05,113.78,122.71,99.17,"3,693.23"
22/09/2022,152.74,237.05,138.71,16.24,30.61,117.31,125.31,100.57,"3,757.99"
21/09/2022,153.72,236.87,143.29,16.25,32.78,118.54,124.93,100.01,"3,789.93"
20/09/2022,156.90,242.85,145.94,16.56,34.57,122.19,126.30,101.83,"3,855.93"
19/09/2022,154.48,243.63,144.88,16.76,34.36,124.66,127.73,103.85,"3,899.89"
16/09/2022,150.70,240.13,144.29,16.74,33.36,123.53,127.27,103.63,"3,873.33"
15/09/2022,152.37,235.38,149.78,16.76,34.43,126.28,125.49,103.90,"3,901.35"
14/09/2022,155.31,224.12,149.26,16.77,34.02,128.55,127.69,105.87,"3,946.01"
13/09/2022,153.84,218.13,147.31,16.83,33.87,126.82,127.25,105.31,"3,932.69"
12/09/2022,163.43,236.53,158.72,17.38,36.05,136.45,130.66,111.87,"4,110.41"
09/09/2022,157.37,233.57,157.52,17.03,35.06,133.27,129.19,111.78,"4,067.36"
08/09/2022,154.46,227.44,157.79,16.77,34.06,129.82,128.47,109.42,"4,006.18"
07/09/2022,155.96,228.96,155.95,16.87,33.59,129.48,127.71,110.48,"3,979.87"
06/09/2022,154.53,218.39,152.39,16.79,32.77,126.11,126.72,107.48,"3,908.19"
02/09/2022,155.81,226.11,151.82,17.19,32.86,127.51,127.79,108.68,"3,924.26"
01/09/2022,157.96,230.04,153.66,17.50,32.45,127.82,129.66,110.55,"3,966.85"
31/08/2022,157.22,223.56,160.25,17.54,32.64,126.77,128.45,109.15,"3,955.00"
30/08/2022,158.91,220.65,162.21,17.82,32.96,128.73,129.58,109.91,"3,986.16"
29/08/2022,161.38,224.57,165.42,17.78,33.75,129.79,130.31,110.34,"4,030.61"
26/08/2022,163.62,223.28,164.53,17.89,33.58,130.75,130.38,111.30,"4,057.66"
25/08/2022,170.03,233.98,169.38,18.09,35.22,137.28,133.98,117.70,"4,199.12"
24/08/2022,167.53,229.61,163.60,18.01,34.67,133.80,133.23,114.70,"4,140.77"
23/08/2022,167.23,224.55,160.07,18.06,34.30,133.62,134.74,114.77,"4,128.73"
22/08/2022,167.57,226.54,158.98,18.13,33.77,133.22,135.55,115.07,"4,137.99"
19/08/2022,171.52,241.16,162.92,18.43,34.73,138.23,138.37,118.12,"4,228.48"
18/08/2022,174.15,245.17,168.69,18.43,35.62,142.30,139.07,120.86,"4,283.74"
17/08/2022,174.55,241.15,167.20,18.42,35.01,142.10,137.79,120.32,"4,274.04"
16/08/2022,173.03,245.69,172.08,18.57,36.17,144.78,136.56,122.51,"4,305.20"
15/08/2022,173.19,249.11,170.47,18.39,35.54,143.18,134.93,122.88,"4,297.14"
12/08/2022,172.10,249.30,169.99,18.27,35.60,143.55,134.01,122.65,"4,280.15"
11/08/2022,168.49,242.70,167.88,18.04,34.91,140.64,132.54,119.82,"4,207.27"
10/08/2022,169.24,244.11,169.02,18.01,34.48,142.69,131.50,120.65,"4,210.24"
09/08/2022,164.92,229.94,164.85,18.10,33.92,137.83,129.47,117.50,"4,122.47"
08/08/2022,164.87,233.49,165.89,18.00,34.50,139.41,132.61,118.14,"4,140.06"
05/08/2022,165.35,226.78,165.04,18.35,34.71,140.80,132.48,118.22,"4,145.19"
04/08/2022,165.81,229.91,166.50,18.27,35.45,142.57,131.64,118.87,"4,151.94"
03/08/2022,166.13,226.73,166.64,18.37,34.20,139.52,132.34,118.78,"4,155.17"
02/08/2022,160.01,221.42,163.28,18.36,33.06,134.16,131.81,115.90,"4,091.19"
01/08/2022,161.51,226.21,169.07,18.73,32.84,135.39,132.04,115.48,"4,118.63"
29/07/2022,162.51,224.90,159.31,18.78,32.73,134.95,130.79,116.64,"4,130.29"
28/07/2022,157.35,226.02,159.09,18.58,32.61,122.28,129.22,114.59,"4,072.43"
27/07/2022,156.79,226.75,156.09,18.39,31.41,120.97,129.12,113.60,"4,023.61"
26/07/2022,151.60,213.91,155.92,18.30,29.93,114.81,128.08,105.44,"3,921.05"
25/07/2022,152.95,218.51,156.64,18.53,30.78,121.14,128.54,108.21,"3,966.84"
22/07/2022,154.09,220.44,158.16,18.40,30.94,122.42,128.25,108.36,"3,961.63"
21/07/2022,155.35,223.88,161.41,18.92,31.44,124.63,127.15,115.04,"3,998.95"
20/07/2022,153.04,216.44,158.38,20.48,31.29,122.77,129.18,114.70,"3,959.90"
19/07/2022,151.00,201.63,156.13,20.80,30.46,118.21,130.88,114.62,"3,936.69"
18/07/2022,147.07,190.92,147.72,20.53,29.51,113.76,138.13,109.91,"3,830.85"
15/07/2022,150.17,189.11,147.74,20.57,29.23,113.55,139.92,112.77,"3,863.16"
14/07/2022,148.47,174.78,147.15,20.33,28.43,110.63,139.06,111.44,"3,790.38"
13/07/2022,145.49,176.56,143.95,20.45,29.04,110.40,137.18,112.19,"3,801.78"
12/07/2022,145.86,174.45,147.15,20.60,28.91,109.22,139.18,114.85,"3,818.80"
11/07/2022,144.87,177.34,136.99,20.66,28.40,111.75,141.00,116.52,"3,854.43"
08/07/2022,147.04,186.98,139.07,20.80,29.34,115.54,140.47,120.17,"3,899.38"
07/07/2022,146.35,189.27,139.97,21.15,29.75,116.33,140.83,119.31,"3,902.62"
06/07/2022,142.92,184.06,136.31,21.09,29.54,114.33,138.08,115.21,"3,845.08"
05/07/2022,141.56,185.88,137.70,21.17,30.36,113.50,137.62,113.89,"3,831.39"
01/07/2022,138.93,179.95,139.84,21.31,30.00,109.56,141.12,109.08,"3,825.33"
30/06/2022,136.72,174.87,136.72,20.96,28.95,106.21,141.19,109.37,"3,785.38"
29/06/2022,139.23,178.36,138.45,20.95,29.17,108.92,140.71,112.26,"3,818.83"
28/06/2022,137.44,179.60,138.70,20.61,29.88,107.40,141.86,112.57,"3,821.55"
27/06/2022,141.66,189.14,138.72,20.78,30.03,113.22,142.80,116.62,"3,900.11"
24/06/2022,141.66,190.85,141.53,20.99,30.24,116.46,142.06,118.54,"3,911.74"
23/06/2022,138.27,181.71,133.97,20.61,27.17,112.44,138.44,112.68,"3,795.73"
22/06/2022,135.35,178.89,137.16,20.32,27.33,108.95,137.08,112.03,"3,759.89"
21/06/2022,135.87,170.91,136.75,19.96,27.67,108.68,137.85,112.02,"3,764.79"
17/06/2022,131.56,175.51,136.80,19.38,27.95,106.22,135.02,107.87,"3,674.84"
16/06/2022,130.06,173.35,133.36,18.96,27.39,103.66,135.67,106.64,"3,666.77"
15/06/2022,135.43,180.11,133.72,19.44,30.06,107.67,137.06,110.39,"3,789.99"
14/06/2022,132.76,167.54,122.16,19.45,29.40,102.31,135.72,107.19,"3,735.48"
13/06/2022,131.88,169.69,115.86,19.76,28.63,103.67,135.11,106.88,"3,749.63"
10/06/2022,137.13,182.94,127.00,20.69,31.78,109.65,136.19,111.43,"3,900.86"
09/06/2022,142.64,192.77,133.73,20.88,34.32,116.15,137.96,114.92,"4,017.82"
08/06/2022,147.96,202.83,139.63,21.05,35.40,121.18,140.83,117.24,"4,115.77"
07/06/2022,148.71,198.61,140.82,21.14,35.49,123.00,142.78,117.23,"4,160.68"
06/06/2022,146.14,197.14,139.24,20.94,35.31,124.79,142.88,117.01,"4,121.43"
03/06/2022,145.38,198.98,139.25,20.90,34.71,122.35,141.18,114.56,"4,108.54"
02/06/2022,151.21,205.09,140.50,21.19,35.13,125.51,140.15,117.75,"4,176.82"
01/06/2022,148.71,192.91,130.65,21.22,34.19,121.68,139.43,114.14,"4,101.23"
31/05/2022,148.84,197.44,131.40,21.29,34.97,120.21,138.84,114.04,"4,132.15"
27/05/2022,149.64,195.19,132.23,21.29,34.89,115.15,139.27,112.80,"4,158.24"
26/05/2022,143.78,191.40,127.73,21.32,34.48,111.08,136.89,108.30,"4,057.84"
25/05/2022,140.52,187.83,122.06,21.30,32.09,106.78,134.39,105.84,"3,978.73"
24/05/2022,140.36,180.34,119.40,21.16,31.11,104.10,133.80,105.93,"3,941.48"
23/05/2022,143.11,187.44,124.07,20.74,33.61,107.56,131.17,111.67,"3,973.75"
20/05/2022,137.59,186.35,120.70,20.40,34.37,107.59,128.48,109.31,"3,901.36"
19/05/2022,137.35,183.48,127.14,20.21,33.65,107.32,129.66,110.75,"3,900.79"
18/05/2022,140.82,177.19,125.52,20.23,33.00,107.11,132.94,112.40,"3,923.68"
17/05/2022,149.24,190.56,132.05,20.57,35.69,115.37,138.37,116.70,"4,088.85"
16/05/2022,145.54,186.51,124.05,20.28,35.07,110.81,135.03,114.79,"4,008.01"
13/05/2022,147.11,187.64,127.20,19.84,36.15,113.06,133.60,116.52,"4,023.89"
12/05/2022,142.56,174.31,123.14,19.72,34.52,106.93,132.90,113.16,"3,930.08"
11/05/2022,146.50,166.37,129.39,19.43,35.07,105.37,130.75,113.96,"3,935.18"
10/05/2022,154.51,177.66,132.95,19.36,36.20,108.86,129.13,114.58,"4,001.05"
09/05/2022,152.06,173.10,133.31,19.55,35.14,108.79,134.44,113.08,"3,991.24"
06/05/2022,157.28,180.97,148.90,20.03,38.31,114.77,137.67,115.66,"4,123.34"
05/05/2022,156.77,188.32,150.47,19.95,39.30,116.41,135.92,116.75,"4,146.87"
04/05/2022,166.02,204.01,156.97,19.95,41.03,125.93,137.40,122.58,"4,300.17"
03/05/2022,159.48,199.87,153.58,19.33,40.85,124.25,132.52,118.13,"4,175.48"
02/05/2022,157.96,199.46,148.61,19.12,41.97,124.50,133.04,117.16,"4,155.38"
29/04/2022,157.65,190.36,148.84,18.86,41.04,124.28,132.21,114.97,"4,131.93"
28/04/2022,163.64,199.52,154.22,19.42,42.11,144.60,135.74,119.41,"4,287.50"
27/04/2022,156.57,188.54,154.46,19.07,40.34,138.17,135.06,115.02,"4,183.96"
26/04/2022,156.80,198.40,167.04,19.30,40.35,139.39,136.19,119.51,"4,175.20"
25/04/2022,162.88,209.91,175.91,19.51,42.03,146.07,139.10,123.25,"4,296.12"
22/04/2022,161.79,215.52,176.92,19.52,41.08,144.35,138.25,119.61,"4,271.78"
21/04/2022,166.42,218.22,181.02,20.21,42.17,148.30,139.85,124.94,"4,393.66"
20/04/2022,167.23,226.19,183.55,19.43,43.35,154.00,138.32,128.25,"4,459.45"
19/04/2022,167.40,348.61,185.98,19.49,42.77,158.12,129.15,130.53,"4,462.21"
18/04/2022,165.07,337.86,179.85,19.46,41.16,152.79,126.17,127.96,"4,391.69"
14/04/2022,165.29,341.13,181.94,19.54,41.60,151.71,126.56,127.25,"4,392.59"
13/04/2022,170.40,350.43,182.87,19.42,41.28,155.54,126.14,130.29,"4,446.59"
12/04/2022,167.66,344.10,176.28,19.56,39.55,150.79,125.98,128.37,"4,397.45"
11/04/2022,165.75,348.00,175.03,19.63,39.51,151.12,126.37,129.80,"4,412.53"
08/04/2022,170.09,355.88,175.20,18.22,39.20,154.46,127.73,134.01,"4,488.28"
07/04/2022,172.14,362.15,177.97,17.91,39.18,157.78,128.55,136.47,"4,500.21"
06/04/2022,171.83,368.35,178.72,18.14,39.74,158.76,129.39,137.18,"4,481.15"
05/04/2022,175.06,380.15,182.65,18.03,41.66,164.05,128.89,141.06,"4,525.12"
04/04/2022,178.44,391.50,191.18,18.25,42.50,168.35,130.27,143.64,"4,582.64"
01/04/2022,174.31,373.47,190.76,18.10,41.87,163.56,130.15,140.70,"4,545.86"
31/03/2022,174.61,374.59,191.50,17.84,41.94,163.00,130.02,139.65,"4,530.41"
30/03/2022,177.77,381.47,194.91,18.22,43.16,166.30,132.13,142.64,"4,602.45"
29/03/2022,178.96,391.82,193.80,18.11,43.61,169.32,131.94,143.25,"4,631.60"
28/03/2022,175.60,378.51,188.16,18.02,42.19,168.99,131.47,141.95,"4,575.52"
25/03/2022,174.72,373.85,188.95,17.99,42.20,164.77,131.35,141.52,"4,543.06"
24/03/2022,174.07,375.71,189.05,17.61,42.16,163.65,129.25,141.31,"4,520.16"
23/03/2022,170.21,374.49,186.04,17.52,41.41,163.41,128.30,138.50,"4,456.24"
22/03/2022,168.82,382.92,191.04,17.52,41.97,164.89,129.06,140.28,"4,511.61"
21/03/2022,165.38,374.59,185.90,17.48,41.83,161.49,128.10,136.48,"4,461.18"
18/03/2022,163.98,380.60,192.83,17.53,42.17,161.25,128.76,136.80,"4,463.12"
17/03/2022,160.62,371.40,190.19,17.50,41.94,157.24,127.96,134.60,"4,411.67"
16/03/2022,159.59,357.53,188.99,17.50,42.17,153.10,127.04,133.69,"4,357.86"
15/03/2022,155.09,343.75,179.89,17.43,40.09,147.37,125.64,129.66,"4,262.45"
14/03/2022,150.62,331.01,175.52,17.28,38.80,141.85,123.94,126.74,"4,173.11"
11/03/2022,154.73,340.32,176.23,17.50,40.11,145.52,123.96,130.48,"4,204.31"
10/03/2022,158.52,356.77,178.39,17.50,40.89,146.82,124.35,132.68,"4,259.52"
09/03/2022,162.95,358.79,178.56,17.56,40.28,139.28,126.22,133.87,"4,277.88"
08/03/2022,157.44,341.76,173.80,17.36,37.63,136.01,125.68,127.28,"4,170.70"
07/03/2022,159.30,350.26,169.17,17.79,37.48,137.45,126.07,126.46,"4,201.09"
04/03/2022,163.17,361.73,180.84,18.02,41.54,145.64,126.62,132.12,"4,328.87"
03/03/2022,166.23,368.07,188.85,18.05,43.35,147.90,125.93,134.31,"4,363.49"
02/03/2022,166.56,380.03,197.81,17.98,43.73,152.05,123.86,134.75,"4,386.54"
01/03/2022,163.20,386.24,194.91,17.76,41.92,151.14,121.35,134.17,"4,306.26"
28/02/2022,165.12,394.52,205.34,17.88,44.29,153.56,122.51,134.89,"4,373.94"
25/02/2022,164.85,390.80,201.48,18.05,45.12,153.79,124.18,134.52,"4,384.65"
24/02/2022,162.74,390.03,198.43,17.53,43.51,151.36,121.97,132.67,"4,288.70"
23/02/2022,160.07,367.46,196.42,17.74,42.48,144.83,122.07,127.59,"4,225.50"
22/02/2022,164.32,377.38,198.74,17.93,43.23,150.20,123.92,129.40,"4,304.76"
18/02/2022,167.30,391.29,209.03,18.02,43.56,152.60,124.35,130.47,"4,348.87"
17/02/2022,168.88,386.67,213.58,17.93,43.68,154.65,124.97,132.31,"4,380.26"
16/02/2022,172.55,398.08,218.93,18.07,45.17,158.10,129.18,137.49,"4,475.01"
15/02/2022,172.79,407.46,217.73,18.37,45.08,156.51,129.94,136.43,"4,471.07"
14/02/2022,168.88,396.57,210.04,18.15,44.65,155.17,130.15,135.30,"4,401.67"
11/02/2022,168.64,391.31,212.30,18.21,45.46,153.29,132.69,134.13,"4,418.64"
10/02/2022,172.12,406.27,218.75,18.30,47.07,159.00,133.52,138.60,"4,504.08"
09/02/2022,176.28,412.89,215.86,18.49,48.52,161.19,137.79,141.45,"4,587.18"
08/02/2022,174.83,403.53,213.27,18.07,47.20,161.41,137.02,139.21,"4,521.54"
07/02/2022,171.66,402.10,211.92,18.06,45.61,157.94,137.24,138.94,"4,483.87"
04/02/2022,172.39,410.17,206.45,18.18,44.54,157.64,137.15,143.02,"4,500.53"
03/02/2022,172.90,405.60,206.39,18.54,42.98,138.85,137.78,142.65,"4,477.44"
02/02/2022,175.84,429.48,207.52,18.52,43.64,150.61,137.25,148.04,"4,589.38"
01/02/2022,174.61,457.13,208.34,18.43,44.16,151.19,135.53,137.88,"4,546.54"
31/01/2022,174.78,427.14,200.24,19.25,42.72,149.57,133.57,135.70,"4,515.55"
28/01/2022,170.33,384.36,190.57,19.03,41.63,143.98,134.50,133.29,"4,431.85"
27/01/2022,159.22,386.70,189.75,18.21,40.62,139.64,132.52,129.12,"4,326.51"
26/01/2022,159.69,359.70,194.27,18.30,41.68,138.87,134.26,129.24,"4,349.93"
25/01/2022,159.78,366.42,204.10,19.99,41.98,139.99,136.10,126.74,"4,356.45"
24/01/2022,161.62,387.15,204.20,19.88,41.89,144.54,128.82,130.37,"4,410.13"
21/01/2022,162.41,397.50,205.44,20.08,40.96,142.64,129.35,130.09,"4,397.94"
20/01/2022,164.51,508.25,214.19,20.39,41.55,151.67,130.82,133.51,"4,482.73"
19/01/2022,166.23,515.86,217.08,20.59,42.21,156.30,131.58,135.65,"4,532.76"
18/01/2022,169.80,510.80,225.01,20.61,43.83,158.92,132.94,136.29,"4,577.11"
14/01/2022,173.07,525.69,225.96,20.51,44.47,162.14,134.21,139.79,"4,662.85"
13/01/2022,172.19,519.20,223.90,20.23,44.25,161.21,134.76,139.13,"4,659.03"
12/01/2022,175.53,537.22,217.45,19.96,44.80,165.21,133.59,141.65,"4,726.35"
11/01/2022,175.08,540.84,216.02,19.88,44.95,165.36,132.87,140.02,"4,713.07"
10/01/2022,172.19,539.85,209.31,19.97,43.62,161.49,135.03,138.57,"4,670.29"
07/01/2022,172.17,541.06,215.50,19.84,44.53,162.55,134.83,137.00,"4,677.03"
06/01/2022,172.00,553.29,211.34,19.71,44.32,163.25,135.34,137.55,"4,696.05"
05/01/2022,174.92,567.52,213.07,19.78,43.04,164.36,138.22,137.65,"4,700.58"
04/01/2022,179.70,591.15,213.63,19.35,45.39,167.52,138.02,144.42,"4,793.54"
03/01/2022,182.01,597.37,207.86,19.19,45.48,170.40,136.04,145.07,"4,796.56"
31/12/2021,177.57,602.44,201.32,18.57,44.88,166.72,133.66,144.68,"4,766.18"
30/12/2021,178.20,612.09,202.71,18.70,44.76,168.64,133.91,146.00,"4,778.73"
29/12/2021,179.38,610.54,203.66,18.60,44.49,169.20,133.35,146.50,"4,793.06"
28/12/2021,179.29,610.71,206.13,18.73,44.22,170.66,132.63,146.45,"4,786.35"
27/12/2021,180.33,613.12,203.17,18.70,45.21,169.67,131.62,148.06,"4,791.19"
23/12/2021,176.28,614.09,204.22,18.77,45.74,171.07,130.63,147.14,"4,725.79"
22/12/2021,175.64,614.24,201.69,18.70,45.28,171.04,129.75,146.95,"4,696.56"
21/12/2021,172.99,604.92,199.52,18.47,44.81,170.42,128.97,144.22,"4,649.23"
20/12/2021,169.75,593.74,188.48,18.26,42.07,167.08,127.06,142.40,"4,568.02"
17/12/2021,171.14,586.73,192.63,17.95,42.28,170.02,127.40,142.80,"4,620.64"
16/12/2021,172.26,591.06,190.79,17.90,40.80,168.87,125.93,144.84,"4,668.67"
15/12/2021,179.30,605.04,195.43,16.73,41.37,173.32,123.11,147.37,"4,709.85"
14/12/2021,174.33,597.99,195.50,16.82,41.23,169.09,123.76,144.97,"4,634.09"
13/12/2021,175.74,604.56,197.40,16.94,40.34,169.57,122.58,146.70,"4,668.97"
10/12/2021,179.45,611.66,205.06,17.24,41.41,172.21,124.09,148.68,"4,712.02"
09/12/2021,174.56,611.00,207.56,17.31,42.21,174.17,123.57,148.11,"4,667.45"
08/12/2021,175.08,628.08,211.03,17.49,42.89,176.16,123.02,148.72,"4,701.21"
07/12/2021,171.18,625.58,208.83,17.42,42.74,176.16,121.58,148.04,"4,686.75"
06/12/2021,165.32,612.69,205.88,17.57,42.21,171.37,119.91,143.80,"4,591.67"
03/12/2021,161.84,602.13,198.49,17.71,40.17,169.49,118.84,142.52,"4,538.43"
02/12/2021,163.76,616.47,202.38,17.40,41.23,171.87,116.90,143.78,"4,577.10"
01/12/2021,164.77,617.77,188.19,16.78,38.30,172.19,116.92,141.62,"4,513.04"
30/11/2021,165.30,641.90,197.85,17.23,39.58,175.35,117.10,142.45,"4,567.00"
29/11/2021,160.24,663.84,198.50,18.03,41.13,178.08,118.50,146.11,"4,655.27"
26/11/2021,156.81,665.64,199.21,18.28,41.85,175.23,115.81,142.81,"4,594.62"
24/11/2021,161.94,658.29,210.60,18.47,42.83,179.02,116.73,146.72,"4,701.46"
23/11/2021,161.41,654.06,209.13,18.69,42.51,179.00,116.79,146.76,"4,690.70"
22/11/2021,161.02,659.20,209.90,18.64,44.54,178.63,116.47,147.08,"4,682.94"
19/11/2021,160.55,678.80,214.13,18.21,44.28,183.83,116.05,149.95,"4,697.96"
18/11/2021,157.87,682.02,227.25,18.41,44.33,184.80,116.66,150.71,"4,704.54"
17/11/2021,153.49,691.69,226.62,18.61,45.51,177.45,118.06,149.06,"4,688.67"
16/11/2021,151.00,687.40,225.80,18.61,45.65,177.04,118.46,149.08,"4,700.90"
15/11/2021,150.00,679.33,233.09,18.72,45.82,177.28,118.87,149.39,"4,682.80"
12/11/2021,149.99,682.61,220.96,18.82,45.09,176.26,118.96,149.65,"4,682.85"
11/11/2021,147.87,657.58,219.38,18.81,45.42,173.63,120.27,146.75,"4,649.27"
10/11/2021,147.92,646.91,218.50,18.83,46.06,174.10,120.22,146.63,"4,646.71"
09/11/2021,150.81,655.99,220.79,18.65,47.33,178.81,120.85,149.25,"4,685.25"
08/11/2021,150.44,651.45,222.68,18.78,48.54,174.45,124.54,149.35,"4,701.70"
05/11/2021,151.28,645.72,224.46,18.94,50.37,175.95,123.61,149.24,"4,697.53"
04/11/2021,150.96,668.40,213.03,18.72,47.40,173.85,120.85,148.68,"4,680.06"
03/11/2021,151.49,688.29,213.38,19.01,48.70,169.20,121.43,146.79,"4,660.57"
02/11/2021,150.02,677.72,212.77,19.04,47.88,165.64,120.52,145.86,"4,630.65"
01/11/2021,148.96,681.17,214.58,19.15,48.47,165.91,120.62,143.77,"4,613.67"
29/10/2021,149.80,690.31,207.03,19.07,47.16,168.62,119.49,148.27,"4,605.38"
28/10/2021,152.57,674.05,207.85,19.28,46.97,172.33,120.20,146.13,"4,596.42"
27/10/2021,148.85,662.92,206.61,18.91,47.02,169.62,119.56,146.43,"4,551.68"
26/10/2021,149.32,668.52,209.81,19.15,47.24,168.80,121.43,139.67,"4,574.79"
25/10/2021,148.64,671.66,212.87,19.35,48.15,166.02,121.92,138.77,"4,566.48"
22/10/2021,148.69,664.78,212.97,19.24,48.03,166.78,122.15,138.63,"4,544.90"
21/10/2021,149.48,653.16,214.34,19.44,48.09,171.75,122.58,142.78,"4,549.78"
20/10/2021,149.26,625.14,216.17,19.56,47.07,170.75,135.54,142.42,"4,536.19"
19/10/2021,148.76,639.00,215.97,19.31,47.47,172.21,135.61,143.82,"4,519.63"
18/10/2021,146.55,637.97,216.98,19.12,48.24,172.34,135.94,142.96,"4,486.46"
15/10/2021,144.84,628.29,217.04,19.40,47.95,170.45,138.13,141.68,"4,471.37"
14/10/2021,143.76,633.80,217.44,19.34,48.44,164.99,136.96,141.41,"4,438.26"
13/10/2021,140.91,629.76,221.78,19.10,48.15,164.21,134.45,137.90,"4,363.80"
12/10/2021,141.51,624.94,223.57,19.19,48.69,162.37,134.17,136.71,"4,350.65"
11/10/2021,142.81,627.04,226.45,19.65,44.42,162.32,136.04,138.85,"4,361.19"
08/10/2021,142.90,632.66,226.39,20.21,44.43,164.43,136.80,140.06,"4,391.34"
07/10/2021,143.29,631.85,226.48,20.45,44.77,165.12,135.45,139.19,"4,399.76"
06/10/2021,142.00,639.10,224.99,20.61,44.64,163.10,135.98,137.35,"4,363.55"
05/10/2021,141.11,634.81,224.42,20.64,44.96,161.05,136.73,136.18,"4,345.72"
04/10/2021,139.14,603.35,223.79,20.57,44.51,159.49,137.65,133.76,"4,300.46"
01/10/2021,142.65,613.15,226.00,20.50,44.86,164.16,136.89,136.46,"4,357.04"
30/09/2021,141.50,610.34,219.94,20.39,43.15,164.25,132.70,133.27,"4,307.54"
29/09/2021,142.83,599.06,225.36,20.68,43.85,165.06,132.94,134.52,"4,359.46"
28/09/2021,141.91,583.85,218.41,20.56,44.88,165.80,131.31,136.18,"4,352.63"
27/09/2021,145.37,592.64,224.16,20.68,45.09,170.29,132.35,141.50,"4,443.11"
24/09/2021,146.92,592.39,221.39,20.48,44.62,171.28,131.33,142.63,"4,455.48"
23/09/2021,146.83,593.26,221.10,20.52,44.65,170.80,130.60,141.83,"4,448.98"
22/09/2021,145.85,590.65,216.98,20.39,43.02,169.00,128.59,140.94,"4,395.64"
21/09/2021,143.43,573.14,208.51,20.35,40.55,167.18,127.01,139.65,"4,354.19"
20/09/2021,142.94,575.43,209.50,20.54,41.28,167.79,128.29,139.02,"4,357.73"
17/09/2021,146.06,589.35,213.36,20.78,41.54,173.13,129.17,141.46,"4,432.99"
16/09/2021,148.79,586.50,213.36,20.83,41.30,174.41,130.31,144.37,"4,473.75"
15/09/2021,149.03,582.87,214.22,20.81,40.38,173.79,131.05,145.21,"4,480.70"
14/09/2021,148.12,577.76,211.57,20.63,41.41,172.50,130.11,143.41,"4,443.05"
13/09/2021,149.55,589.29,214.48,20.77,43.10,172.86,131.96,143.47,"4,468.73"
10/09/2021,148.97,598.72,210.30,20.51,42.29,173.46,130.88,141.92,"4,458.58"
09/09/2021,154.07,597.54,213.94,20.70,42.76,174.21,131.56,144.91,"4,493.28"
08/09/2021,155.11,606.05,211.38,20.83,42.44,176.27,132.45,144.88,"4,514.07"
07/09/2021,156.69,606.71,214.24,20.70,43.44,175.46,131.87,145.52,"4,520.03"
03/09/2021,154.30,590.53,218.17,20.80,42.54,173.90,133.32,144.78,"4,535.43"
02/09/2021,153.65,588.55,220.83,20.86,42.56,173.16,133.73,144.22,"4,536.95"
01/09/2021,152.51,582.07,218.12,20.52,42.20,173.95,133.05,145.84,"4,524.09"
31/08/2021,151.83,569.19,219.50,20.70,42.62,173.54,134.05,145.46,"4,522.68"
30/08/2021,153.12,566.18,217.66,20.55,42.66,171.08,132.74,145.47,"4,528.79"
27/08/2021,148.60,558.92,221.75,20.48,43.32,167.48,133.16,144.55,"4,509.37"
26/08/2021,147.54,550.12,216.50,20.39,41.98,165.80,132.56,142.12,"4,470.00"
25/08/2021,148.36,547.58,221.03,20.70,42.13,164.96,133.59,142.95,"4,496.19"
24/08/2021,149.62,553.41,221.43,20.72,40.91,165.29,133.57,142.40,"4,486.23"
23/08/2021,149.71,553.33,219.40,20.77,39.52,163.29,133.36,141.10,"4,479.53"
20/08/2021,148.19,546.88,212.67,20.81,38.40,160.00,132.87,138.44,"4,441.67"
19/08/2021,146.70,543.71,212.16,20.78,37.66,159.39,131.83,136.91,"4,405.80"
18/08/2021,146.36,521.87,219.00,21.01,38.64,160.06,133.22,136.57,"4,400.27"
17/08/2021,150.19,518.91,222.22,21.28,37.93,162.10,136.03,137.30,"4,448.08"
16/08/2021,151.12,517.92,229.06,21.28,39.42,164.95,137.15,138.92,"4,479.71"
13/08/2021,149.10,515.92,234.46,21.28,40.41,164.70,136.76,138.41,"4,468.00"
12/08/2021,148.89,510.72,238.18,21.15,40.71,165.18,136.66,138.39,"4,460.83"
11/08/2021,145.86,512.40,239.49,21.25,40.56,164.61,135.76,137.69,"4,442.41"
10/08/2021,145.60,515.84,235.78,21.20,39.72,166.03,135.04,138.10,"4,436.75"
09/08/2021,146.09,519.97,232.27,21.02,39.21,167.09,134.92,138.00,"4,432.35"
06/08/2021,146.14,520.55,231.33,21.10,39.81,167.25,137.63,137.04,"4,436.52"
05/08/2021,147.06,524.89,229.94,21.09,39.67,168.80,136.37,136.94,"4,429.10"
04/08/2021,146.95,517.35,226.63,21.02,37.27,167.74,136.36,136.03,"4,402.66"
03/08/2021,147.36,510.82,229.09,21.28,36.95,168.31,137.61,136.28,"4,423.15"
02/08/2021,145.52,515.15,225.34,21.22,37.37,166.57,135.08,135.99,"4,387.16"
30/07/2021,145.86,517.57,226.48,21.17,37.53,166.38,134.64,135.22,"4,395.26"
29/07/2021,145.64,514.25,231.63,21.35,38.17,180.00,135.57,136.54,"4,419.15"
28/07/2021,144.98,519.30,231.57,21.14,38.40,181.52,135.41,136.38,"4,400.64"
27/07/2021,146.77,518.91,222.27,21.28,38.04,181.32,136.35,136.80,"4,401.46"
26/07/2021,148.99,516.49,225.85,21.27,39.19,184.99,136.37,139.64,"4,422.30"
23/07/2021,148.56,515.41,221.52,21.25,38.76,182.83,135.00,137.82,"4,411.79"
22/07/2021,146.80,511.77,220.87,21.14,39.23,181.90,134.40,133.33,"4,367.48"
21/07/2021,145.40,513.63,222.54,21.06,39.86,179.26,134.96,132.60,"4,358.69"
20/07/2021,146.15,531.05,217.15,21.07,38.39,178.66,133.69,131.10,"4,323.06"
19/07/2021,142.45,532.28,206.99,20.98,36.63,177.48,131.74,129.25,"4,258.49"
16/07/2021,146.39,530.31,217.74,21.39,37.93,178.68,132.67,131.85,"4,327.16"
15/07/2021,148.48,542.95,222.76,21.46,39.20,181.56,134.15,131.27,"4,360.03"
14/07/2021,149.15,547.95,224.45,21.33,39.97,184.08,133.55,132.08,"4,374.30"
13/07/2021,145.64,540.68,228.20,21.34,40.65,183.87,133.99,130.99,"4,369.21"
12/07/2021,144.50,537.31,238.29,21.50,41.53,185.93,134.60,130.56,"4,384.63"
09/07/2021,145.11,535.98,239.59,21.47,41.60,185.97,135.17,129.57,"4,369.55"
08/07/2021,143.24,530.76,236.77,21.27,40.31,186.57,134.43,129.18,"4,320.82"
07/07/2021,144.57,535.96,231.78,21.84,40.36,184.83,133.55,130.08,"4,358.13"
06/07/2021,142.02,541.64,236.14,21.90,41.25,183.79,132.56,129.77,"4,343.54"
02/07/2021,139.96,533.98,236.68,22.06,43.25,175.55,133.74,128.72,"4,352.34"
01/07/2021,137.27,533.54,239.73,21.97,43.52,171.65,140.26,126.37,"4,319.94"
30/06/2021,136.96,528.21,239.56,21.72,42.65,172.01,140.02,125.32,"4,297.50"
29/06/2021,136.33,533.50,235.76,21.63,42.19,172.41,139.02,126.02,"4,291.80"
28/06/2021,134.78,533.03,239.96,21.72,42.39,172.19,138.78,126.82,"4,290.61"
25/06/2021,133.11,527.07,248.38,21.81,43.89,170.07,140.26,127.00,"4,280.70"
24/06/2021,133.41,518.06,250.57,21.73,44.06,172.45,138.92,127.28,"4,266.49"
23/06/2021,133.70,512.74,243.57,21.62,43.12,175.19,138.13,126.46,"4,241.84"
22/06/2021,133.98,508.82,243.78,21.72,42.30,175.27,139.80,127.00,"4,246.44"
21/06/2021,132.30,497.00,245.28,21.84,42.09,172.70,140.07,126.46,"4,224.79"
18/06/2021,130.46,500.77,237.35,21.62,40.86,174.35,136.70,125.57,"4,166.45"
17/06/2021,131.79,498.34,239.22,21.69,41.37,174.46,139.07,126.37,"4,221.86"
16/06/2021,130.15,492.41,242.27,21.93,42.10,170.76,141.20,125.70,"4,223.70"
15/06/2021,129.64,491.90,246.54,22.10,42.24,169.16,142.66,126.03,"4,246.59"
14/06/2021,130.48,499.89,245.14,21.96,42.22,169.19,143.30,126.35,"4,255.15"
11/06/2021,127.35,488.77,247.28,22.13,43.21,167.34,144.50,125.70,"4,247.44"
10/06/2021,126.11,487.27,248.34,22.02,42.67,167.48,143.79,126.08,"4,239.18"
09/06/2021,127.13,485.81,248.06,21.90,43.54,164.06,143.91,124.57,"4,219.55"
08/06/2021,126.74,492.39,252.76,21.87,44.16,163.21,142.39,124.14,"4,227.26"
07/06/2021,125.90,494.66,252.66,21.95,43.41,159.90,141.38,123.30,"4,226.52"
04/06/2021,125.89,494.74,249.92,22.09,42.77,160.31,140.81,122.59,"4,229.89"
03/06/2021,123.54,489.43,250.32,22.06,42.55,159.35,139.02,120.23,"4,192.85"
02/06/2021,125.06,499.24,255.62,22.35,43.23,161.70,139.19,121.06,"4,208.12"
01/06/2021,124.28,499.08,254.73,22.13,43.39,160.93,137.73,121.49,"4,202.04"
28/05/2021,124.61,502.81,247.02,22.21,42.87,161.15,137.30,120.58,"4,204.11"
27/05/2021,125.28,503.86,250.70,22.42,43.79,161.51,137.37,120.13,"4,200.88"
26/05/2021,126.85,502.36,241.37,22.30,42.86,163.26,136.95,121.68,"4,195.99"
25/05/2021,126.90,501.34,240.74,22.28,42.21,162.95,137.34,120.45,"4,188.13"
24/05/2021,127.10,502.90,237.44,22.45,41.74,162.25,138.23,120.33,"4,197.05"
21/05/2021,125.43,497.89,234.82,22.65,39.70,160.15,138.25,117.26,"4,155.86"
20/05/2021,127.31,501.67,227.65,22.37,39.91,162.38,137.43,117.80,"4,159.12"
19/05/2021,124.69,487.70,224.42,21.86,39.28,161.59,136.77,115.44,"4,115.68"
18/05/2021,124.85,486.28,227.55,22.30,39.48,161.61,137.46,115.17,"4,127.83"
17/05/2021,126.27,488.94,227.98,23.68,38.75,163.52,138.60,116.07,"4,163.29"
14/05/2021,127.45,493.37,228.47,24.33,39.11,161.15,138.19,115.81,"4,173.85"
13/05/2021,124.97,486.66,222.64,24.31,37.47,158.07,137.71,113.10,"4,112.50"
12/05/2021,122.77,484.98,220.78,24.13,37.14,157.60,134.96,111.95,"4,063.04"
11/05/2021,125.91,495.08,228.88,24.35,38.76,161.20,137.75,115.44,"4,152.10"
10/05/2021,126.85,486.69,232.93,24.63,39.46,159.52,139.62,117.08,"4,188.43"
07/05/2021,130.21,503.84,235.47,24.27,39.92,164.58,138.94,119.93,"4,232.60"
06/05/2021,129.74,499.55,229.81,24.46,38.91,165.32,141.77,119.07,"4,201.62"
05/05/2021,128.10,496.08,228.18,24.18,41.75,163.53,138.71,117.84,"4,167.59"
04/05/2021,127.85,503.18,233.63,24.17,40.51,165.59,139.22,117.71,"4,164.66"
03/05/2021,132.54,509.11,235.19,23.78,41.26,169.32,138.26,119.76,"4,192.66"
30/04/2021,131.46,513.47,234.31,23.71,40.72,173.37,135.52,120.51,"4,181.17"
29/04/2021,133.48,509.00,235.94,23.65,40.42,173.57,137.77,121.49,"4,211.47"
28/04/2021,133.58,506.52,235.46,23.37,42.02,172.93,136.59,119.00,"4,183.18"
27/04/2021,134.39,505.55,242.47,23.22,42.20,170.87,135.64,115.36,"4,186.72"
26/04/2021,134.72,510.30,241.44,23.33,41.47,170.45,135.22,116.34,"4,187.62"
23/04/2021,134.32,505.55,238.38,23.70,41.51,167.04,136.04,115.77,"4,180.17"
22/04/2021,131.94,508.78,234.33,23.67,40.75,165.45,134.95,113.40,"4,134.98"
21/04/2021,133.50,508.90,235.92,22.73,41.20,168.10,137.11,114.66,"4,173.42"
20/04/2021,133.11,549.57,234.06,22.56,39.55,166.73,131.97,114.68,"4,134.94"
19/04/2021,134.84,554.44,244.15,22.64,39.75,168.60,127.15,115.12,"4,163.26"
16/04/2021,134.16,546.54,248.18,22.61,40.26,169.97,127.60,114.89,"4,185.47"
15/04/2021,134.50,549.22,251.11,22.45,39.69,168.95,126.64,114.83,"4,170.42"
14/04/2021,132.03,540.02,252.43,22.44,41.26,166.65,126.68,112.74,"4,124.66"
13/04/2021,134.43,553.73,253.27,22.36,40.99,170.00,125.30,113.36,"4,141.59"
12/04/2021,131.24,552.78,249.52,22.61,41.16,168.97,128.56,112.74,"4,127.99"
09/04/2021,133.00,555.31,252.36,22.67,41.77,168.61,129.64,114.29,"4,128.80"
08/04/2021,130.36,554.58,254.95,22.64,42.14,164.96,129.06,113.27,"4,097.17"
07/04/2021,127.90,546.99,252.58,23.35,41.09,163.97,128.88,112.48,"4,079.95"
06/04/2021,126.21,544.53,255.17,23.38,41.52,161.19,128.20,111.24,"4,073.94"
05/04/2021,125.90,540.67,259.36,23.18,41.70,161.34,129.84,111.28,"4,077.91"
01/04/2021,123.00,539.42,252.96,23.00,39.70,158.05,127.26,106.89,"4,019.87"
31/03/2021,122.15,521.66,254.72,22.85,37.99,154.70,127.29,103.43,"3,972.89"
30/03/2021,119.90,513.39,252.01,23.19,38.21,152.76,128.68,102.78,"3,958.55"
29/03/2021,121.39,513.95,250.52,23.07,37.16,153.79,129.77,102.80,"3,971.09"
26/03/2021,121.21,508.05,244.87,22.88,37.68,152.60,130.27,101.78,"3,974.54"
25/03/2021,120.59,502.86,247.19,22.70,37.96,152.31,127.10,102.22,"3,909.52"
24/03/2021,120.09,520.81,239.24,22.64,36.90,154.35,124.76,102.25,"3,889.14"
23/03/2021,122.54,535.09,241.25,22.64,37.34,156.88,124.61,102.65,"3,910.52"
22/03/2021,123.39,523.11,251.23,22.64,39.03,155.54,124.70,101.93,"3,940.59"
19/03/2021,119.99,512.18,255.82,22.46,40.03,153.75,123.12,102.16,"3,913.10"
18/03/2021,120.53,504.79,256.06,22.65,39.51,151.40,124.23,101.81,"3,915.46"
17/03/2021,124.76,524.44,263.59,22.76,41.23,156.79,123.24,104.55,"3,974.12"
16/03/2021,125.57,524.03,255.21,22.64,39.91,154.59,122.49,104.63,"3,962.71"
15/03/2021,123.99,520.25,265.63,22.59,40.96,154.08,122.81,103.32,"3,968.94"
12/03/2021,121.03,518.02,269.19,22.50,38.98,154.47,121.89,103.10,"3,943.34"
11/03/2021,121.96,523.06,252.00,22.30,39.19,155.68,121.44,105.74,"3,939.34"
10/03/2021,119.98,504.54,245.34,22.64,37.62,152.88,122.14,102.75,"3,898.81"
09/03/2021,121.09,506.44,230.61,22.37,37.48,153.14,118.61,102.64,"3,875.44"
08/03/2021,116.36,493.33,224.03,22.64,37.85,147.60,119.21,101.21,"3,821.35"
05/03/2021,121.42,516.39,223.22,22.36,37.14,150.02,117.32,105.43,"3,841.94"
04/03/2021,120.13,511.29,224.71,21.83,37.29,148.88,114.72,102.45,"3,768.47"
03/03/2021,122.06,520.70,228.56,21.68,38.83,150.25,116.87,101.34,"3,819.72"
02/03/2021,125.12,547.82,223.14,21.30,38.54,154.73,114.93,103.79,"3,870.29"
01/03/2021,127.79,550.64,224.39,21.20,38.30,157.31,115.33,104.08,"3,901.82"
26/02/2021,121.26,538.85,212.01,21.05,37.79,154.65,113.60,101.84,"3,811.15"
25/02/2021,120.99,546.70,216.45,21.61,36.70,152.86,116.98,101.57,"3,829.34"
24/02/2021,125.35,553.41,229.34,22.18,38.63,157.98,117.69,104.76,"3,925.43"
23/02/2021,125.86,546.15,212.12,22.02,39.59,159.73,115.30,103.54,"3,881.37"
22/02/2021,126.00,533.78,212.88,22.13,37.52,159.04,115.44,103.24,"3,876.50"
19/02/2021,129.87,540.22,217.47,21.89,36.42,162.49,113.65,105.06,"3,906.71"
18/02/2021,129.71,548.22,208.48,22.06,35.04,166.41,115.32,105.86,"3,913.97"
17/02/2021,130.84,551.34,215.52,22.32,34.96,165.43,114.59,106.42,"3,931.33"
16/02/2021,133.19,557.28,217.18,21.87,34.99,163.45,114.69,106.10,"3,932.59"
12/02/2021,135.37,556.52,210.98,21.74,35.93,163.89,115.38,105.21,"3,934.83"
11/02/2021,135.13,557.59,210.66,21.65,35.30,163.11,115.49,104.79,"3,916.38"
10/02/2021,135.39,563.59,211.92,21.55,36.47,164.33,116.76,104.77,"3,909.88"
09/02/2021,136.01,559.07,215.12,21.60,35.82,165.25,116.63,104.18,"3,911.23"
08/02/2021,136.91,547.92,211.95,21.71,35.60,166.15,118.07,104.65,"3,915.59"
05/02/2021,136.76,550.79,207.93,21.84,34.25,167.61,116.33,104.90,"3,886.83"
04/02/2021,137.39,552.16,210.64,21.81,32.48,166.55,115.59,103.12,"3,871.74"
03/02/2021,133.94,539.45,207.39,21.52,30.89,165.63,113.78,103.50,"3,830.17"
02/02/2021,134.99,548.16,200.94,21.54,30.64,169.00,114.08,96.38,"3,826.31"
01/02/2021,134.14,539.04,195.84,21.62,29.27,167.14,115.14,95.07,"3,773.86"
29/01/2021,131.96,532.39,194.19,21.61,28.56,160.31,113.77,91.79,"3,714.24"
28/01/2021,137.09,538.60,197.23,21.74,29.56,161.88,114.70,93.16,"3,787.38"
27/01/2021,142.06,523.28,194.03,21.99,28.36,161.63,116.98,91.54,"3,750.77"
26/01/2021,143.16,561.93,202.06,22.45,29.59,166.31,117.00,95.86,"3,849.62"
25/01/2021,142.92,556.78,203.36,21.97,29.98,164.70,113.26,94.97,"3,855.36"
22/01/2021,139.07,565.17,205.84,21.84,31.39,164.61,113.29,95.05,"3,841.47"
21/01/2021,136.87,579.84,207.41,21.76,31.53,165.35,125.75,94.56,"3,853.07"
20/01/2021,132.03,586.34,211.45,21.86,31.06,163.17,124.25,94.35,"3,851.85"
19/01/2021,127.83,501.77,210.71,21.85,30.53,156.04,123.24,89.54,"3,798.91"
15/01/2021,127.14,497.98,204.32,22.02,29.80,155.21,122.63,86.81,"3,768.25"
14/01/2021,128.91,500.86,209.91,22.11,30.28,156.37,123.19,87.01,"3,795.54"
13/01/2021,130.89,507.79,207.21,21.59,30.04,158.29,121.23,87.72,"3,809.84"
12/01/2021,128.80,494.25,208.41,21.70,30.29,156.04,123.42,87.33,"3,801.19"
11/01/2021,128.98,499.10,206.79,21.79,30.79,155.71,122.81,88.34,"3,799.61"
08/01/2021,132.05,510.40,209.90,21.90,31.36,159.13,122.77,90.36,"3,824.68"
07/01/2021,130.92,508.89,212.71,22.58,30.60,158.11,123.21,89.36,"3,803.79"
06/01/2021,126.60,500.49,211.03,22.51,31.18,156.92,123.49,86.76,"3,748.14"
05/01/2021,131.01,520.80,211.63,22.08,30.36,160.93,120.48,87.05,"3,726.86"
04/01/2021,129.41,522.86,202.72,22.22,29.70,159.33,118.38,86.41,"3,700.65"
31/12/2020,132.69,540.73,214.06,21.71,31.51,162.85,120.24,87.59,"3,756.07"
30/12/2020,133.72,524.59,216.67,21.50,31.19,164.29,118.77,86.98,"3,732.04"
29/12/2020,134.87,530.87,216.25,21.54,30.77,166.10,118.25,87.94,"3,727.04"
28/12/2020,136.69,519.12,216.09,21.55,31.29,164.20,119.22,88.80,"3,735.36"
24/12/2020,131.97,513.97,217.15,21.65,30.74,158.63,119.10,86.94,"3,703.06"
23/12/2020,130.96,514.48,219.69,21.70,30.98,159.26,118.34,86.62,"3,690.01"
22/12/2020,131.88,527.33,218.78,21.44,30.35,160.33,118.07,86.18,"3,687.26"
21/12/2020,128.23,528.91,219.31,21.90,30.49,160.31,117.86,86.97,"3,694.92"
18/12/2020,126.66,534.45,219.75,22.19,31.67,160.08,120.21,86.55,"3,709.41"
17/12/2020,128.70,532.90,221.24,22.36,31.12,161.80,119.92,87.40,"3,722.48"
16/12/2020,127.81,524.83,225.87,22.86,30.98,162.05,119.92,88.15,"3,701.17"
15/12/2020,127.88,519.78,229.50,23.08,30.76,158.26,120.28,88.39,"3,694.62"
14/12/2020,121.78,522.42,228.62,23.06,29.51,157.85,117.99,88.00,"3,647.49"
11/12/2020,122.41,503.22,230.33,23.41,30.18,155.82,118.70,89.09,"3,663.46"
10/12/2020,123.24,501.09,234.43,23.16,30.93,155.07,119.36,88.77,"3,668.10"
09/12/2020,121.78,493.60,232.06,23.75,29.94,155.21,121.11,89.21,"3,672.82"
08/12/2020,124.38,512.66,236.57,23.25,29.89,158.86,120.07,90.93,"3,702.25"
07/12/2020,123.75,515.78,238.17,22.37,29.83,157.90,119.11,90.97,"3,691.96"
04/12/2020,122.25,498.31,232.71,22.30,30.72,158.13,121.50,91.40,"3,699.12"
03/12/2020,122.94,497.52,237.20,22.06,29.91,159.34,118.07,91.34,"3,666.72"
02/12/2020,123.08,503.38,223.85,21.96,29.35,160.18,119.03,91.40,"3,669.01"
01/12/2020,122.72,504.58,213.01,21.79,28.81,161.00,117.64,89.91,"3,662.45"
30/11/2020,119.05,490.70,210.71,21.70,28.25,158.40,117.98,88.04,"3,621.63"
27/11/2020,116.59,491.36,216.50,21.91,28.62,159.77,118.77,89.66,"3,638.35"
25/11/2020,116.03,485.00,217.61,21.88,28.39,159.25,118.63,88.57,"3,629.65"
24/11/2020,115.17,482.88,218.49,22.06,28.45,155.90,118.84,88.44,"3,635.41"
23/11/2020,113.85,476.62,211.53,21.60,26.15,154.92,114.71,86.74,"3,577.59"
20/11/2020,117.34,488.24,199.62,21.38,26.21,154.97,111.70,87.11,"3,557.54"
19/11/2020,118.64,484.67,205.67,21.35,27.24,155.85,111.93,88.20,"3,581.87"
18/11/2020,118.03,481.79,203.30,21.60,26.91,155.27,111.53,87.34,"3,567.79"
17/11/2020,119.39,480.63,210.05,21.91,26.42,156.78,112.42,88.51,"3,609.53"
16/11/2020,120.30,479.10,202.40,21.87,26.51,156.55,113.05,89.07,"3,626.91"
13/11/2020,119.26,482.84,187.11,21.82,25.90,156.44,111.61,88.85,"3,585.15"
12/11/2020,119.21,486.77,176.72,21.47,23.69,155.51,109.37,87.49,"3,537.01"
11/11/2020,119.49,490.76,182.15,21.68,23.98,156.87,111.95,87.64,"3,572.66"
10/11/2020,115.97,480.24,188.69,21.78,24.78,151.75,112.62,87.02,"3,545.53"
09/11/2020,116.32,470.50,179.36,21.36,25.30,157.19,110.35,88.15,"3,550.50"
06/11/2020,118.69,514.73,157.74,20.71,22.02,165.57,108.93,88.09,"3,509.44"
05/11/2020,119.03,513.76,157.09,20.76,21.84,166.10,109.62,88.17,"3,510.45"
04/11/2020,114.95,496.95,151.63,20.41,21.44,162.06,106.88,87.46,"3,443.44"
03/11/2020,110.44,487.22,153.65,20.73,21.75,152.42,109.04,82.51,"3,369.16"
02/11/2020,108.77,484.12,148.60,20.64,20.97,150.22,107.85,81.30,"3,310.24"
30/10/2020,108.86,475.74,144.39,20.39,20.57,151.81,106.65,81.05,"3,269.96"
29/10/2020,115.32,504.21,148.29,20.20,21.29,160.55,104.03,78.36,"3,310.11"
28/10/2020,111.20,486.24,148.14,20.00,20.10,158.14,101.87,75.83,"3,271.03"
27/10/2020,116.60,488.93,155.24,20.32,21.04,164.32,105.60,80.21,"3,390.68"
26/10/2020,115.05,488.24,160.83,20.67,22.13,160.35,107.19,79.52,"3,400.97"
23/10/2020,115.04,488.28,167.36,21.00,23.36,160.22,110.80,82.05,"3,465.39"
22/10/2020,115.75,485.23,169.07,21.35,22.62,158.82,110.57,80.77,"3,453.49"
21/10/2020,116.87,489.05,163.86,20.17,21.41,159.25,109.90,79.67,"3,435.56"
20/10/2020,117.51,525.42,167.24,20.20,21.41,160.85,112.11,77.80,"3,443.12"
19/10/2020,115.98,530.72,167.11,20.29,20.80,160.36,119.89,76.73,"3,426.92"
16/10/2020,119.02,530.79,167.35,20.63,21.24,163.64,120.28,78.65,"3,483.81"
15/10/2020,120.71,541.94,164.24,20.72,21.16,166.93,119.29,77.96,"3,483.34"
14/10/2020,121.19,541.45,163.24,20.75,21.09,168.19,120.29,78.40,"3,488.67"
13/10/2020,121.10,554.09,162.14,20.95,20.97,172.18,119.49,78.58,"3,511.93"
12/10/2020,124.40,539.81,167.35,21.23,21.40,172.15,121.51,78.46,"3,534.22"
09/10/2020,116.97,539.44,167.33,21.38,21.36,164.33,122.06,75.76,"3,477.14"
08/10/2020,114.97,531.79,168.00,21.59,21.93,159.53,125.59,74.30,"3,446.83"
07/10/2020,115.08,534.66,164.61,21.74,21.50,159.78,118.51,73.01,"3,419.44"
06/10/2020,113.16,505.87,159.54,21.67,21.05,155.00,116.50,72.67,"3,360.97"
05/10/2020,116.50,520.65,171.20,21.64,21.55,159.96,116.54,74.30,"3,408.60"
02/10/2020,113.02,503.06,168.08,21.65,21.66,156.25,115.16,72.92,"3,348.42"
01/10/2020,116.79,527.51,167.86,21.50,21.82,161.06,115.66,74.50,"3,380.80"
30/09/2020,115.81,500.03,165.26,21.52,21.75,157.44,116.21,73.48,"3,363.00"
29/09/2020,114.09,493.48,163.60,21.36,21.72,157.24,115.52,73.47,"3,335.47"
28/09/2020,114.96,490.65,166.08,21.42,22.63,158.70,116.27,73.23,"3,351.60"
25/09/2020,112.28,482.88,156.03,21.16,22.10,154.76,113.62,72.25,"3,298.46"
24/09/2020,108.22,473.08,146.05,21.16,21.19,150.99,112.80,71.41,"3,246.59"
23/09/2020,107.12,470.61,151.18,21.04,21.38,149.99,113.50,70.76,"3,236.92"
22/09/2020,111.81,491.17,156.80,21.52,21.62,156.45,115.11,73.27,"3,315.57"
21/09/2020,110.08,487.35,156.35,21.61,21.09,148.02,114.86,71.56,"3,281.06"
18/09/2020,106.84,469.96,161.14,21.84,22.02,147.75,117.26,73.00,"3,319.47"
17/09/2020,110.34,470.20,167.53,21.94,22.52,150.44,119.32,74.78,"3,357.01"
16/09/2020,112.13,483.86,167.46,22.07,23.01,153.90,118.65,76.05,"3,385.49"
15/09/2020,115.54,495.99,163.49,21.98,23.74,157.81,116.95,77.07,"3,401.20"
14/09/2020,115.36,476.26,165.35,21.99,23.06,155.15,116.62,75.96,"3,383.54"
11/09/2020,112.00,482.03,160.23,21.89,22.73,155.81,116.01,76.04,"3,340.97"
10/09/2020,113.49,480.67,157.69,21.82,22.84,158.76,115.15,76.60,"3,339.19"
09/09/2020,117.32,500.19,160.78,22.17,23.11,163.43,116.78,77.85,"3,398.96"
08/09/2020,112.82,507.02,161.08,22.27,23.17,157.49,115.78,76.62,"3,331.84"
04/09/2020,120.96,516.05,171.05,22.21,23.52,164.73,116.82,79.55,"3,426.96"
03/09/2020,120.88,525.75,168.77,22.33,23.07,168.40,118.87,82.09,"3,455.06"
02/09/2020,131.40,552.84,174.78,22.42,23.72,176.57,122.43,86.41,"3,580.84"
01/09/2020,134.18,556.55,172.10,22.24,22.77,174.96,117.87,83.04,"3,526.65"
31/08/2020,129.04,529.56,171.82,22.50,22.50,172.55,117.78,81.71,"3,500.31"
28/08/2020,124.81,523.89,175.80,22.67,23.86,170.09,119.46,82.22,"3,508.01"
27/08/2020,125.01,526.27,174.20,22.57,22.81,170.00,119.06,81.72,"3,484.55"
26/08/2020,126.52,547.53,171.90,22.64,21.99,172.09,118.60,82.62,"3,478.73"
25/08/2020,124.83,490.58,174.73,22.57,22.09,167.32,119.05,80.41,"3,443.62"
24/08/2020,125.86,488.81,178.27,22.67,22.27,165.37,120.05,79.41,"3,431.28"
21/08/2020,124.37,492.31,167.50,22.41,21.16,164.24,117.64,79.02,"3,397.16"
20/08/2020,118.28,497.90,169.58,22.39,20.83,164.87,117.63,79.09,"3,385.51"
19/08/2020,115.71,484.53,169.27,22.44,20.90,163.02,118.29,77.38,"3,374.85"
18/08/2020,115.56,491.87,170.23,22.48,20.95,165.62,119.32,77.93,"3,389.78"
17/08/2020,114.61,482.35,172.01,22.53,21.38,159.12,118.86,75.90,"3,381.99"
14/08/2020,114.91,482.68,178.08,22.65,21.81,157.40,119.65,75.39,"3,372.85"
13/08/2020,115.01,481.33,174.73,22.58,21.34,158.05,119.42,75.92,"3,373.43"
12/08/2020,113.01,475.47,175.44,22.78,21.13,158.11,121.02,75.33,"3,380.35"
11/08/2020,109.38,466.93,180.13,22.79,21.50,154.03,121.07,74.02,"3,333.69"
10/08/2020,112.73,483.38,179.41,22.79,21.65,157.41,121.41,74.81,"3,360.47"
07/08/2020,111.11,494.73,170.02,22.66,19.03,158.37,119.36,74.72,"3,351.28"
06/08/2020,113.90,509.08,172.20,22.52,18.46,161.25,120.47,75.01,"3,349.16"
05/08/2020,110.06,502.11,174.28,22.53,16.72,160.25,119.83,73.68,"3,327.77"
04/08/2020,109.67,509.64,165.07,22.65,16.72,156.94,120.20,73.25,"3,306.51"
03/08/2020,108.94,498.62,162.27,22.36,16.32,155.59,118.74,73.72,"3,294.61"
31/07/2020,106.26,488.88,158.00,22.33,16.09,158.23,117.43,74.15,"3,271.12"
30/07/2020,96.19,485.80,161.95,22.32,16.64,152.59,117.39,76.57,"3,246.22"
29/07/2020,95.04,484.48,166.01,22.31,16.25,151.68,119.70,76.10,"3,258.44"
28/07/2020,93.25,488.51,170.84,22.41,15.41,150.02,118.89,75.02,"3,218.44"
27/07/2020,94.81,495.65,170.21,22.11,14.96,152.76,120.55,76.51,"3,239.41"
24/07/2020,92.62,480.45,173.76,22.32,15.79,150.45,120.15,75.59,"3,215.63"
23/07/2020,92.85,477.58,176.45,22.57,15.89,149.33,121.62,75.78,"3,235.66"
22/07/2020,97.27,489.82,179.79,22.76,16.33,155.00,122.90,78.42,"3,276.02"
21/07/2020,97.00,490.10,178.63,22.83,16.69,156.91,120.41,77.92,"3,257.30"
20/07/2020,98.36,502.41,174.42,22.53,16.33,159.84,120.70,78.29,"3,251.84"
17/07/2020,96.33,492.99,175.66,22.83,16.81,148.10,119.50,75.78,"3,224.73"
16/07/2020,96.52,527.39,178.70,22.94,17.60,149.99,118.45,75.90,"3,215.57"
15/07/2020,97.73,523.26,187.94,22.65,18.20,150.44,117.49,75.68,"3,226.56"
14/07/2020,97.06,524.88,179.96,22.61,16.16,154.20,115.19,76.03,"3,197.52"
13/07/2020,95.48,525.50,175.65,22.46,16.38,155.20,113.86,75.57,"3,155.22"
10/07/2020,95.92,548.73,178.44,22.74,16.20,160.00,113.04,77.09,"3,185.04"
09/07/2020,95.68,507.76,173.28,22.30,16.00,159.13,110.52,75.55,"3,152.05"
08/07/2020,95.34,502.78,180.08,22.99,16.30,154.06,112.43,74.80,"3,169.94"
07/07/2020,93.17,493.16,178.88,22.88,16.14,150.01,112.31,74.26,"3,145.32"
06/07/2020,93.46,493.81,187.91,23.01,16.71,152.85,114.80,74.79,"3,179.72"
02/07/2020,91.03,476.89,180.81,22.70,16.86,144.51,114.33,73.24,"3,130.01"
01/07/2020,91.03,485.64,180.32,22.57,16.77,143.93,113.23,71.90,"3,115.86"
30/06/2020,91.20,455.04,183.30,22.82,16.80,137.94,115.36,70.68,"3,100.29"
29/06/2020,90.45,447.24,194.49,22.58,16.82,134.02,114.38,69.75,"3,053.24"
26/06/2020,88.41,443.40,170.01,21.95,15.72,134.64,111.94,68.00,"3,009.05"
25/06/2020,91.21,465.91,174.88,22.43,16.70,137.73,113.69,72.07,"3,083.76"
24/06/2020,90.02,457.85,176.69,22.21,16.93,136.72,111.20,71.60,"3,050.33"
23/06/2020,91.63,466.26,187.88,22.83,18.46,138.22,114.06,73.22,"3,131.29"
22/06/2020,89.72,468.04,188.52,22.73,17.77,135.69,115.64,72.59,"3,117.86"
19/06/2020,87.43,453.72,187.02,22.88,18.21,133.75,116.98,71.59,"3,097.74"
18/06/2020,87.93,449.87,192.29,22.91,18.58,132.70,118.59,71.80,"3,115.34"
17/06/2020,87.90,447.77,192.54,22.84,18.97,132.05,118.58,72.56,"3,113.49"
16/06/2020,88.02,436.13,197.77,23.23,19.35,130.76,119.54,72.14,"3,124.74"
15/06/2020,85.75,425.50,190.94,23.02,19.45,128.63,116.20,70.99,"3,066.59"
12/06/2020,84.70,418.07,189.51,23.02,19.17,127.25,116.44,70.66,"3,041.31"
11/06/2020,83.98,425.56,170.00,22.77,17.84,127.90,112.72,70.19,"3,002.10"
10/06/2020,88.21,434.48,203.41,24.26,20.51,132.37,124.05,73.29,"3,190.14"
09/06/2020,86.00,434.05,216.74,24.62,22.06,130.04,125.96,72.81,"3,207.18"
08/06/2020,83.37,419.49,230.50,25.08,23.76,126.20,129.66,72.33,"3,232.39"
05/06/2020,82.88,419.60,205.43,24.73,21.72,124.15,126.14,71.92,"3,193.93"
04/06/2020,80.58,414.33,184.30,24.00,21.72,123.03,123.11,70.61,"3,112.35"
03/06/2020,81.28,421.97,173.16,23.78,20.26,123.92,123.26,71.82,"3,122.87"
02/06/2020,80.83,427.31,153.31,23.39,18.20,123.62,120.35,71.96,"3,080.82"
01/06/2020,80.46,425.92,151.39,23.35,17.80,123.55,119.29,71.59,"3,055.73"
29/05/2020,79.49,419.73,145.85,23.29,17.18,122.12,119.30,71.45,"3,044.31"
28/05/2020,79.56,413.44,149.82,23.44,17.23,120.06,118.95,70.84,"3,029.73"
27/05/2020,79.53,419.89,149.52,24.04,18.11,120.52,119.91,70.89,"3,036.13"
26/05/2020,79.18,414.77,144.73,23.26,17.65,121.09,116.30,70.85,"2,991.77"
22/05/2020,79.72,429.32,137.53,22.55,15.90,121.84,113.08,70.52,"2,955.45"
21/05/2020,79.21,436.25,139.00,22.47,15.99,122.34,113.78,70.14,"2,948.51"
20/05/2020,79.81,447.67,133.32,22.33,16.50,124.90,115.94,70.34,"2,971.61"
19/05/2020,78.29,451.04,130.44,21.86,15.16,122.47,114.90,68.67,"2,922.94"
18/05/2020,78.74,452.58,135.44,22.23,15.31,121.31,116.11,69.20,"2,953.91"
15/05/2020,76.93,454.19,120.00,21.37,13.85,120.49,111.74,68.66,"2,863.70"
14/05/2020,77.39,441.95,122.52,21.57,13.52,119.44,111.71,67.81,"2,852.50"
13/05/2020,76.91,438.27,121.50,21.20,12.68,118.40,110.54,67.47,"2,820.00"
12/05/2020,77.85,431.82,125.22,21.81,13.84,117.85,114.87,68.79,"2,870.12"
11/05/2020,78.75,440.52,128.91,22.18,14.65,120.45,117.09,70.16,"2,930.19"
08/05/2020,77.53,435.55,133.44,22.48,15.59,118.98,117.48,69.42,"2,929.80"
07/05/2020,75.94,436.53,128.65,21.81,14.93,118.38,115.79,68.63,"2,881.19"
06/05/2020,75.16,434.26,121.86,21.73,13.91,117.56,117.65,67.36,"2,848.42"
05/05/2020,74.39,424.68,125.40,22.45,14.27,115.89,117.08,67.56,"2,868.44"
04/05/2020,73.29,428.15,131.46,22.34,14.78,115.80,116.22,66.34,"2,842.74"
01/05/2020,72.27,415.27,133.37,22.57,15.01,114.30,116.41,66.03,"2,830.71"
30/04/2020,73.45,419.85,141.02,23.00,16.83,123.70,119.93,67.43,"2,912.43"
29/04/2020,71.93,411.89,139.00,23.72,17.46,118.64,122.92,67.07,"2,939.51"
28/04/2020,69.65,403.83,131.30,23.13,15.81,115.70,120.61,61.68,"2,863.39"
27/04/2020,70.79,421.38,128.68,23.05,15.23,118.80,120.27,63.79,"2,878.48"
24/04/2020,70.74,424.99,128.98,22.42,13.94,120.51,119.13,63.97,"2,836.74"
23/04/2020,68.76,426.70,137.74,22.27,13.78,119.97,115.91,63.82,"2,797.80"
22/04/2020,69.03,421.42,134.97,22.24,13.29,118.17,113.96,63.16,"2,799.31"
21/04/2020,67.09,433.83,136.33,22.55,13.19,116.41,111.52,60.82,"2,736.56"
20/04/2020,69.23,437.49,143.61,23.38,13.53,119.68,115.01,63.33,"2,823.16"
17/04/2020,70.70,422.96,154.00,23.57,14.08,118.75,114.73,64.16,"2,874.56"
16/04/2020,71.67,439.17,134.24,22.76,13.82,120.41,110.54,63.17,"2,799.55"
15/04/2020,71.11,426.75,145.98,22.71,14.42,115.38,113.37,63.12,"2,783.36"
14/04/2020,71.76,413.55,141.00,23.50,15.04,114.17,118.35,63.46,"2,846.06"
13/04/2020,68.31,396.72,147.33,22.79,13.91,108.44,115.72,60.88,"2,761.63"
09/04/2020,67.00,370.72,151.84,23.19,14.55,102.14,116.05,60.57,"2,789.82"
08/04/2020,66.52,371.12,146.87,22.56,15.00,102.15,113.94,60.51,"2,749.98"
07/04/2020,64.86,372.28,141.58,22.70,13.63,100.58,109.79,59.33,"2,659.41"
06/04/2020,65.62,379.96,148.77,22.22,12.91,99.88,109.67,59.35,"2,663.68"
03/04/2020,60.35,361.76,124.52,20.73,10.58,95.33,101.57,54.89,"2,488.65"
02/04/2020,61.23,370.08,123.27,21.71,11.51,95.94,105.07,56.04,"2,526.90"
01/04/2020,60.23,364.08,130.70,21.17,11.77,95.39,100.43,55.28,"2,470.50"
31/03/2020,63.57,375.50,149.14,22.00,11.80,97.49,105.96,58.14,"2,584.59"
30/03/2020,63.70,370.96,152.28,22.82,11.53,98.20,107.87,57.34,"2,626.65"
27/03/2020,61.94,357.12,162.00,22.52,12.19,95.00,103.19,55.54,"2,541.47"
26/03/2020,64.61,362.99,180.55,23.10,13.45,97.77,107.83,58.09,"2,630.07"
25/03/2020,61.38,342.39,158.73,21.44,12.95,94.29,101.10,55.12,"2,475.56"
24/03/2020,61.72,357.32,127.68,21.20,12.18,97.00,100.75,56.72,"2,447.33"
23/03/2020,56.09,360.27,105.62,20.21,9.15,95.14,90.52,52.83,"2,237.40"
20/03/2020,57.31,332.83,95.01,21.47,9.11,92.30,91.11,53.62,"2,304.92"
19/03/2020,61.20,332.03,97.71,23.51,7.70,94.05,95.84,55.76,"2,409.39"
18/03/2020,61.67,315.47,101.89,24.79,7.14,91.50,98.91,54.84,"2,398.10"
17/03/2020,63.22,319.75,124.14,25.47,9.55,90.39,101.87,55.99,"2,529.19"
16/03/2020,60.55,298.84,129.61,24.01,10.25,84.46,94.64,54.22,"2,386.13"
13/03/2020,69.49,336.30,170.20,26.02,15.44,89.25,103.11,60.99,"2,711.02"
12/03/2020,62.06,315.25,154.84,23.65,15.26,83.83,98.20,55.75,"2,480.64"
11/03/2020,68.86,349.92,189.08,26.05,18.08,91.04,112.68,60.77,"2,741.38"
10/03/2020,71.33,364.13,231.01,27.06,20.79,94.59,119.18,64.02,"2,882.23"
09/03/2020,66.54,346.49,227.17,26.18,17.88,90.03,112.53,60.78,"2,746.56"
06/03/2020,72.26,368.97,262.33,27.95,20.39,95.05,122.00,64.92,"2,972.37"
05/03/2020,73.23,372.78,260.37,28.06,20.60,96.20,123.74,65.95,"3,023.94"
04/03/2020,75.69,383.79,283.12,28.82,23.30,98.79,128.20,69.33,"3,130.12"
03/03/2020,72.33,368.77,280.62,27.40,23.30,95.45,123.12,67.07,"3,003.37"
02/03/2020,74.70,381.05,289.27,28.06,25.05,97.70,128.28,69.46,"3,090.23"
28/02/2020,68.34,369.03,275.11,26.58,24.56,94.19,124.31,66.97,"2,954.22"
27/02/2020,68.38,371.71,287.76,26.97,25.52,94.21,127.14,65.90,"2,978.76"
26/02/2020,73.16,379.24,305.59,28.00,26.71,98.98,133.48,69.66,"3,116.39"
25/02/2020,72.02,360.09,304.14,28.19,27.89,98.64,135.36,69.42,"3,128.21"
24/02/2020,74.55,368.70,317.90,28.72,29.70,100.46,139.86,71.08,"3,225.89"
21/02/2020,78.26,380.07,330.38,29.10,31.39,104.80,143.12,74.26,"3,337.75"
20/02/2020,80.08,386.00,336.28,29.14,32.34,107.65,144.44,75.91,"3,373.23"
19/02/2020,80.91,386.19,338.30,29.01,32.09,108.51,144.10,76.33,"3,386.15"
18/02/2020,79.75,387.78,338.88,28.88,32.02,107.78,144.33,75.98,"3,370.29"
14/02/2020,81.24,380.40,340.49,28.87,31.52,106.74,143.94,76.04,"3,380.16"
13/02/2020,81.22,381.40,342.82,28.92,31.80,107.49,147.39,75.73,"3,373.94"
12/02/2020,81.80,380.01,347.45,28.71,33.66,108.00,148.35,75.91,"3,379.45"
11/02/2020,79.90,373.69,344.42,28.81,32.71,107.54,146.60,75.44,"3,357.75"
10/02/2020,80.39,371.07,344.67,28.94,32.11,106.70,147.51,75.43,"3,352.09"
07/02/2020,80.01,366.77,336.75,29.02,31.36,103.96,146.53,73.96,"3,327.71"
06/02/2020,81.30,366.95,341.43,29.01,32.48,102.51,149.73,73.81,"3,345.78"
05/02/2020,80.36,369.67,329.55,28.54,32.37,101.99,149.32,72.41,"3,334.69"
04/02/2020,79.71,369.01,317.94,28.40,32.25,102.48,142.42,72.35,"3,297.59"
03/02/2020,77.17,358.00,316.00,27.90,31.21,100.21,139.71,74.30,"3,248.92"
31/01/2020,77.38,345.09,318.27,28.39,31.06,100.44,137.29,71.71,"3,225.52"
30/01/2020,80.97,347.74,323.30,28.25,31.30,93.53,130.64,72.79,"3,283.66"
29/01/2020,81.08,343.16,322.02,27.96,31.27,92.90,131.52,72.93,"3,273.40"
28/01/2020,79.42,348.52,316.56,29.12,30.97,92.66,133.29,72.63,"3,276.24"
27/01/2020,77.24,342.88,316.60,28.87,30.35,91.42,132.40,71.69,"3,243.63"
24/01/2020,79.58,353.16,323.05,29.06,31.57,93.08,134.26,73.34,"3,295.47"
23/01/2020,79.81,349.60,317.79,29.16,32.32,94.23,136.46,74.33,"3,325.54"
22/01/2020,79.43,326.00,309.00,29.47,31.95,94.37,137.44,74.30,"3,321.75"
21/01/2020,79.14,338.11,313.37,29.07,32.39,94.60,132.93,74.22,"3,320.79"
17/01/2020,79.68,339.67,324.15,28.97,34.54,93.24,132.11,74.02,"3,329.62"
16/01/2020,78.81,338.62,332.00,28.70,34.02,93.90,131.79,72.58,"3,316.81"
15/01/2020,77.83,339.07,329.80,28.58,33.09,93.10,130.49,71.96,"3,289.29"
14/01/2020,78.17,338.69,332.35,28.75,33.29,93.47,129.73,71.54,"3,283.15"
13/01/2020,79.24,338.92,330.22,28.76,33.37,94.57,130.48,71.96,"3,288.13"
10/01/2020,77.58,329.05,329.92,29.11,33.21,94.16,130.56,71.49,"3,265.35"
09/01/2020,77.41,335.66,336.34,29.29,33.44,95.05,130.61,70.99,"3,274.70"
08/01/2020,75.80,339.26,331.37,29.72,33.24,94.60,129.24,70.22,"3,253.05"
07/01/2020,74.60,330.75,337.28,29.62,32.91,95.34,128.17,69.67,"3,237.18"
06/01/2020,74.95,335.83,333.74,29.51,32.89,95.14,128.09,69.71,"3,246.28"
03/01/2020,74.36,325.90,332.76,29.48,33.29,93.75,128.32,68.03,"3,234.85"
02/01/2020,75.09,329.81,333.32,29.33,33.66,94.90,129.35,68.37,"3,257.85"
31/12/2019,73.41,323.57,325.76,29.50,33.27,92.39,128.03,66.85,"3,230.78"
30/12/2019,72.88,323.31,326.40,29.47,33.32,92.34,126.86,66.81,"3,221.29"
27/12/2019,72.45,329.09,330.14,29.62,33.59,93.49,129.21,67.59,"3,240.02"
26/12/2019,72.48,332.63,329.92,29.56,33.53,93.44,128.86,68.02,"3,239.91"
24/12/2019,71.07,333.20,333.00,29.41,33.42,89.46,128.93,67.18,"3,223.38"
23/12/2019,71.00,333.10,337.55,29.49,33.49,89.65,129.47,67.44,"3,224.01"
20/12/2019,69.86,336.90,328.00,29.55,33.30,89.32,129.51,67.48,"3,221.22"
19/12/2019,70.01,332.22,333.50,29.38,33.26,89.61,128.53,67.80,"3,205.37"
18/12/2019,69.94,320.80,330.68,29.24,33.26,89.20,128.38,67.63,"3,191.14"
17/12/2019,70.10,315.48,327.00,29.06,33.08,89.53,128.20,67.76,"3,192.52"
16/12/2019,69.97,304.21,327.00,29.13,32.95,88.46,128.12,68.06,"3,191.45"
13/12/2019,68.79,298.50,341.67,28.88,32.75,88.05,128.19,67.39,"3,168.80"
12/12/2019,67.86,298.44,346.29,28.95,32.54,88.02,129.25,67.51,"3,168.57"
11/12/2019,67.69,298.93,350.00,28.81,32.11,87.44,127.76,67.25,"3,141.63"
10/12/2019,67.12,293.12,347.90,28.73,31.99,86.96,127.91,67.23,"3,132.52"
09/12/2019,66.73,302.50,351.21,28.71,31.86,87.48,127.92,67.18,"3,135.96"
06/12/2019,67.68,307.35,354.09,28.83,32.17,87.58,127.25,67.03,"3,145.91"
05/12/2019,66.40,302.86,345.68,28.82,31.93,87.02,126.00,66.41,"3,117.43"
04/12/2019,65.44,304.32,348.84,28.76,31.77,88.03,126.07,66.03,"3,112.76"
03/12/2019,64.86,306.16,352.08,28.34,31.62,88.50,126.20,64.76,"3,093.20"
02/12/2019,66.04,309.99,355.18,28.17,31.96,89.08,126.95,64.50,"3,113.87"
29/11/2019,66.81,314.66,366.18,28.21,31.95,90.04,128.42,65.25,"3,140.98"
27/11/2019,66.96,315.93,368.00,28.42,32.18,90.93,127.77,65.65,"3,153.63"
26/11/2019,66.07,312.49,373.51,28.23,31.95,89.85,129.03,65.68,"3,140.52"
25/11/2019,66.59,315.55,373.13,28.12,32.05,88.69,129.87,65.33,"3,133.64"
22/11/2019,65.44,310.48,371.34,28.49,31.94,87.29,128.32,64.77,"3,110.29"
21/11/2019,65.50,311.69,366.44,28.38,31.70,86.74,127.84,65.07,"3,103.54"
20/11/2019,65.80,305.16,370.91,28.06,31.82,87.28,127.23,65.15,"3,108.46"
19/11/2019,66.57,302.60,367.00,28.68,31.81,87.64,128.49,65.77,"3,120.18"
18/11/2019,66.78,302.57,369.46,29.91,31.53,87.63,128.29,66.04,"3,122.03"
15/11/2019,66.44,295.03,371.68,29.81,31.18,86.97,128.37,66.74,"3,120.46"
14/11/2019,65.66,289.62,367.44,29.40,31.10,87.73,127.99,65.57,"3,096.63"
13/11/2019,66.12,283.11,362.50,29.56,31.04,87.66,128.45,64.90,"3,094.04"
12/11/2019,65.49,292.01,362.88,29.56,30.99,88.90,129.51,64.94,"3,091.84"
11/11/2019,65.55,294.18,366.96,29.72,31.44,88.58,129.40,64.96,"3,087.01"
08/11/2019,65.04,291.57,351.00,29.72,31.41,89.29,131.44,65.57,"3,093.08"
07/11/2019,64.86,289.57,357.31,29.75,30.82,89.41,131.52,65.44,"3,085.18"
06/11/2019,64.31,288.59,354.19,29.62,30.52,89.79,132.56,64.59,"3,076.78"
05/11/2019,64.28,288.03,358.29,29.56,30.39,90.09,131.71,64.60,"3,074.62"
04/11/2019,64.38,292.86,351.09,29.35,29.77,90.23,131.50,64.57,"3,078.27"
01/11/2019,63.96,286.81,345.19,29.40,28.83,89.57,129.45,63.69,"3,066.91"
31/10/2019,62.19,287.41,339.91,29.05,28.50,88.83,127.73,63.01,"3,037.56"
30/10/2019,60.82,291.45,346.06,28.83,28.63,89.00,129.19,63.06,"3,046.77"
29/10/2019,60.82,281.21,348.93,28.73,28.53,88.14,127.82,63.13,"3,036.89"
28/10/2019,62.26,281.86,340.88,29.05,28.55,88.85,129.87,64.50,"3,039.42"
25/10/2019,61.65,276.82,339.83,27.86,28.15,88.07,129.37,63.26,"3,022.55"
24/10/2019,60.90,271.50,344.55,27.79,28.22,89.04,128.06,63.05,"3,010.29"
23/10/2019,60.80,271.27,340.50,28.49,28.03,88.11,128.35,62.96,"3,004.52"
22/10/2019,59.99,266.69,337.00,28.81,27.71,88.29,127.95,62.14,"2,995.99"
21/10/2019,60.13,278.05,331.06,28.86,28.00,89.28,126.64,62.31,"3,006.72"
18/10/2019,59.10,275.30,344.00,29.04,27.87,87.88,128.08,62.27,"2,986.20"
17/10/2019,58.82,293.35,369.06,28.54,27.64,89.37,128.24,62.65,"2,997.95"
16/10/2019,58.59,286.28,372.43,28.52,27.43,88.87,135.74,62.18,"2,989.69"
15/10/2019,58.83,284.25,370.96,28.61,27.87,88.37,136.59,62.15,"2,995.68"
14/10/2019,58.97,285.53,373.18,28.28,27.97,86.82,135.67,60.86,"2,966.15"
11/10/2019,59.05,282.93,374.92,28.36,28.08,86.60,136.36,60.77,"2,970.27"
10/10/2019,57.52,280.48,371.00,28.24,27.43,86.01,134.80,60.43,"2,938.13"
09/10/2019,56.76,267.53,374.96,27.96,26.80,86.10,133.41,60.12,"2,919.40"